FILENAME, QUALITY
vK2bLRNzllXNeyOMudnNSL5cfpG2_cough-shallow,2
bjA2KpSxneNskrLBeqi4bqoTDQl2_cough-shallow,2
htQzROl26OWQpIYFDzv11F79PLR2_cough-shallow,2
pW9mCAeWYiMoM7wW7riLvNRbYDO2_cough-shallow,2
L7S8iIPKgiO6QWLC3mGkROCMa0s1_cough-shallow,2
eP8gEM0KcBU6S5JpMdycX74KP3p2_cough-shallow,2
UiUUhL0PMjWVA6W2dKte1DCE6wG2_cough-shallow,0
QQbzKidDxHQ0eZFEL4uG68s1lc02_cough-shallow,1
cfZUmZvsecYVKw5eSi4qIhfJVpI3_cough-shallow,2
tiKv850hJFTmpCAvfJOmOOqkeUs1_cough-shallow,0
LqGeCxef4fN4IPanKEbWkO1fAwJ3_cough-shallow,2
XUsJp0qysAPtu3vBI0UCiHRJhZ22_cough-shallow,2
eZ9KEu3fmEgvxINqgcbkBXoEsv53_cough-shallow,2
TRK6gUseEUS7dbF0soG80W1uLm53_cough-shallow,0
iq8oYXczSjPuJoVS7DBpkGNMC2p1_cough-shallow,2
O4BFgxvAgwbwRGZMkMBJRFnGBbd2_cough-shallow,2
nMIOAh7qRFf3pqbchclOLKbPDOm1_cough-shallow,2
Pr79fov0a5TW5KPo0XACvIqMtO72_cough-shallow,2
KL32QXSSnLZlRRT2B6rQQQKgpx12_cough-shallow,2
tOlOwYDEHCRx1QegeMOPaydVcgv1_cough-shallow,2
zvXkuEaPb0OEgG4EHx59NqdmamR2_cough-shallow,0
9XKj7fAmvwPUas9GFPZuTpev7T03_cough-shallow,0
l3umDXECeOUTZH8pFN19c2WM4m43_cough-shallow,2
XVjp63ocWZRqJRdxCtklUfmdklm2_cough-shallow,2
JmN2KXZoEThB2e8KFMbM7L4fOwy1_cough-shallow,2
SY4Ekt5W4VZdeIm5r3iLmjxz9pA2_cough-shallow,2
2XgDqzQkqLX9SbmSHfbqdRxSmRD2_cough-shallow,0
kIHldMnyvmXvpLq0LjWr7ecclSj2_cough-shallow,2
U98J2q0NnycYzzUS2BYZpUa55X83_cough-shallow,0
NWqfdBx5mrglkG4TJ5Gt9mVnYOo2_cough-shallow,2
KGWBaTNrJmUgzGZw5Xh2ICSHVu92_cough-shallow,2
mFQ65xqfxpXiS6vwK1HKwq7j8o62_cough-shallow,0
n7ewrIqB7wUuK1FZGGjef18jtb52_cough-shallow,2
qHN6U03r3TRKVZ83fmWDDQvtDuz1_cough-shallow,2
w1TDsR75t5PsGyAksqF3kMQ6DXT2_cough-shallow,2
maTMkkXbqOhLPOYLpGyMPPigDFt1_cough-shallow,2
UV965HIG9saPO9HjKNFSm2aFeBt2_cough-shallow,2
LwfZvk9xa6bAJbz4wQGEcyoDOmL2_cough-shallow,2
V247RjX91RY4fxtgfeWjvBhg89s2_cough-shallow,2
g6L8s5Dtq8eIYUTeRWHq0Q7w5L32_cough-shallow,2
VrBIdIVnQkPbR9D2Gi7WCb17ST62_cough-shallow,2
aGEXEhp3mbUandZBtCuEooDQrK53_cough-shallow,2
tFFUbYL9nSNEyaBK3w9UAtATcgO2_cough-shallow,2
hRB1GYdlKAgCnwg4xFzAUE3SiUG2_cough-shallow,2
O2axQgHDogQ1mORlKYAGiPTiHvB3_cough-shallow,2
wawUd75qJgXdQz6qxRATEzuKvMn1_cough-shallow,2
n4t5cgNQKXO3F8KP55vWOgYWcXC3_cough-shallow,2
l8qDG3sN6tczDZGHbgPje0suopx1_cough-shallow,2
U7UmNZmqS6OWTiDkM7IfqkDRrae2_cough-shallow,2
jRjAYMmAQee5uVm5fU8yVnpuvs33_cough-shallow,0
uMry1yqi5sNoykw7ySJdITMv2yT2_cough-shallow,2
xyDgyXrDoyXu5CFqcNe20LRjYqg1_cough-shallow,2
UhGuA2vn7sUfKJRENR472IxQaEu2_cough-shallow,2
jaNAcGlkQvUYEcRFXm5gNwnOOn93_cough-shallow,2
l6OFgjiE4MT6I6wfoYHk208nEaJ3_cough-shallow,2
O9jPNdypMudWbGGiqtlgi4ae2er1_cough-shallow,1
1pXSBzMeizcu5IpLAJUaYpmJyhB3_cough-shallow,2
4EAxuOcgN5d81JCmqo2YxXlxYNL2_cough-shallow,2
5CuTYRsGM5QRNjG7HejSHQh7ULi1_cough-shallow,1
2SLFvRD3jTUJc8iOMnN2XHG3uXv1_cough-shallow,2
HltnpdE31PPFAFYRdJXRXokmdUF2_cough-shallow,1
MbCfQyWYGIeZ5m0BCTeiM1oi7282_cough-shallow,1
QOmSmWWvcLOxZgzrV4u04ByoebE2_cough-shallow,2
C1Jk83bZcXQM2lljEqVIr6OfMr83_cough-shallow,2
X7NBHQKdeDODKCzXwbmKdIbjIRG2_cough-shallow,1
g1nDdvDWgDhgbVDyfl6NyFIfPAp2_cough-shallow,1
5eEXozx61BXKT71PLRaQASRcC832_cough-shallow,2
QC2olizheGbckya2rPjOWhn00vp1_cough-shallow,2
A6eyvPDHwBNMYFzA65XRMboV96s2_cough-shallow,2
ImU3ZpdqkRPNAy6Ol61zoGuq8sj1_cough-shallow,2
6IBOagmXVWPJaN48oiaAigwiDbw2_cough-shallow,2
6sUnPQNXQCYawfmLL8Pg91UxoiI3_cough-shallow,1
abpYyjmAQAMGlnyqXPGIL9lbnQo2_cough-shallow,0
Na6w7stX7ocNYZPQW9MQAiM6mrw2_cough-shallow,2
UVQ8rnPQiYbVAuvPI1uGYIJZmQZ2_cough-shallow,2
oakTHXyve7PxMjMsDDb7VNnM0Ie2_cough-shallow,2
3LCqXTY14jROmsMpG3XkEiMJ9cD3_cough-shallow,2
j0bgqdkBSRaRrpBmJLa1MkkKg593_cough-shallow,2
t0wrpS8L5WamJS9NhyjeHAqhaVv1_cough-shallow,1
gyzIhontEeY2zHHaiy2zjZot6hg1_cough-shallow,2
l57TNYomN4Z56eIotPFe6hN1Vgm2_cough-shallow,2
evcMtXUBFWS6bXPYqv7BXVfqFIc2_cough-shallow,1
jRlVIgE9hofnOP2Lo8He6ebcecz1_cough-shallow,2
GEPcHiIXaSVyNNL5sqIBZxytIps1_cough-shallow,2
UUzQFgPDt5cC2mL6zDlgm7LvU4r2_cough-shallow,2
3Hi3v8KLYxXvAp9v1fuhKtaU44G2_cough-shallow,2
vw3Nw1Gmt3WA78SHAzJwelNRduv1_cough-shallow,2
7yQ29b3Q1KfOIk5K1MSeGTsWqGB2_cough-shallow,2
L6Bo4rMk15fKste9Gvn7ZyTB4qw2_cough-shallow,2
BRi5khF6PxMORMTOXjeS6r2dNqt1_cough-shallow,1
26xevAvhh4PSIz1ls0QAwwfz89i1_cough-shallow,2
D1d4hc9MrgTDxgAhqpTgqOEJtLp2_cough-shallow,2
a1BWeGHqK6f0KyevbStawfUvvK83_cough-shallow,2
1j2LqFPOJIQ8nTlovQqNr6bdUMl1_cough-shallow,1
UYQqLbdvfMeQOnISZq4Okwuas6K2_cough-shallow,1
QKEe27GzshbGSIGQZ6nB6lpLb7l2_cough-shallow,2
ArKST1jJWqRPPvdCu92MyQoGs762_cough-shallow,2
JLXdsKrUesSLpwUOMSqQFfYwtZ82_cough-shallow,2
V3EIT06H4JN5KwoK8aGRXQNzGRi1_cough-shallow,2
Qxlw2hDL29g1Sb9ZQO3XDPIG5Qr1_cough-shallow,2
2j94Kg8TewQwjwbrRyto6seGsut1_cough-shallow,2
sSJoDuR1etTsr85E8wRfxIvfiCf1_cough-shallow,2
0KOy96zEUfdMY4rZzwrDT0gMPDa2_cough-shallow,1
E3X8YtvZzYZiXwBevZEAByJc2v63_cough-shallow,2
3OQBJD8fnBepqWPGQT3eTozrhLn1_cough-shallow,2
ZmJz4NgHHRZAwzUAVvkXBOmRSTA3_cough-shallow,2
yHn6UxlPk8RvWZ3X5jrTa89CPwG2_cough-shallow,2
M1RgcbGDbWbsxNkmPHlrh9J9n572_cough-shallow,2
LwOBSX8F07Z5HgRGLFS3aOQEVKk2_cough-shallow,2
YjUO0QbUUAUJyUfgApL52jRs8Z52_cough-shallow,2
w51QbggHBvVnSSNG5tsEgScigyF3_cough-shallow,2
PfuMI67JW2h6z4MsRDegrhZ8FSH2_cough-shallow,2
NBD8pzxLyyYZs8wul5W6UUKBZbz1_cough-shallow,2
xO54amKmQMQwbMoSbmADa6Wa2kK2_cough-shallow,2
1kj3twlB9PcVyePxzqNGwnkYZZx2_cough-shallow,1
QX7F5dwjZKPahv2qzqpSSBIyHXg2_cough-shallow,2
VGh9wqs8iDXHhUdrA12VtBhN1lJ3_cough-shallow,2
kkyAPrhvZKNSbFUYBfQ0Ne277D62_cough-shallow,1
w8GzYkRUeuVtuONdQbOrrFefVco1_cough-shallow,2
Qs7OP1Hyo6Y4ZE2s4aZyZ3Ew6r62_cough-shallow,2
ZbFodPVPEZMK0DaH4J74kowt1d53_cough-shallow,2
ZkYT8z9lW7N4UfY1L9CqlOs9ouk1_cough-shallow,2
FQ9gUWPXRGc9z7Q4f3tMojFVrR82_cough-shallow,2
nkSUWnQgO0Tn7flFkVp7CrdsatW2_cough-shallow,1
9LGZxIxgbgSheKov7FzsNcFIu4v1_cough-shallow,2
zAdXj9IixzaM6KUwFYIhXbNJnJ42_cough-shallow,2
UJkJrzKjH6UQRZF7eHhUQVQwCHB2_cough-shallow,1
aisIUPkXXdQv8nvNAjeJb8cebOq2_cough-shallow,2
u1G8LRJRwyUWNf8J9McgKGyfQJ33_cough-shallow,2
g0gdNMhQIbUlZRTod20TdtqafgJ3_cough-shallow,1
cog0Kv05iPM162wFPDfBEnEqpzJ3_cough-shallow,2
dosEoi5rKRVXDZzENH1QpxCfPWu1_cough-shallow,1
YXqC5B7h7iQZH3RubUFG6SBvZ5L2_cough-shallow,1
TIFqRMyFsNVEYSMu9P05PF5N2Px1_cough-shallow,2
1woiacXdMmXUQiMWESqr83uk1NV2_cough-shallow,2
cxchnGnCHJQ3Tjqn5faj2Sfqa0e2_cough-shallow,2
JtJEMsy1XPalUgUWmzkLyq9LWbI2_cough-shallow,1
wq5WR6X7egP0MydXWR8nqSpHqq12_cough-shallow,2
meYzBgsbbHT9rLhVNx4SYzjRYjK2_cough-shallow,2
LVfs0kH8h3YRSg7J3Y8g3ufC3a53_cough-shallow,2
FNjPKyX47sUuQlzMc1urJ3VB3YE3_cough-shallow,2
KqhQ8Eo62fYCdBse8NiW1BYCtxp1_cough-shallow,2
1Vm44aluw7PMy2mfETHc3MvwQxx1_cough-shallow,2
hkbGDo0CbGUStRblqwQj7KJc5lk2_cough-shallow,2
PMVjl7cZfEaQD3QaKjvAG4Kidt92_cough-shallow,2
PmbK8Rb4ohNWp4KwTtlU8xzxFGs2_cough-shallow,1
bEzlLV5ZV3fSBFl6JLs1e0t3GEG2_cough-shallow,1
ZTlauEp4EjMLV0LKWsxXnRopWvC3_cough-shallow,2
779c1GiOSsSsxsi1PrMGXwOrIuo2_cough-shallow,2
CFwFsoyLtGUxPNPw5vMD7cznAnO2_cough-shallow,1
bGAOAliULjMQIFSvoMFuNCedl582_cough-shallow,1
P8Qw2Prg2BRb7H72PbY3Dftp9Rv2_cough-shallow,2
85XodgEaKrPebeSPsJo2UFaDlWj1_cough-shallow,2
AeJcnB6Pl6ayw2YL7whgWyYSVnz2_cough-shallow,2
DpU572tPYaXZXMglBud6sRIaq8y2_cough-shallow,2
cAqSJ74dT8S95pUV3nj98Pp12cp1_cough-shallow,2
y71bldtMZsh4Qemwyr86rXevPcH2_cough-shallow,2
HmsAhPiHhiQOnvXYXzZ5u5qFqLq1_cough-shallow,2
PaLptWlM9gTtp7lUybcAaXGkqhj2_cough-shallow,2
HxbOUFGbq4fKbs0nTLUQ5UmlZ9y2_cough-shallow,2
6VbC2mWfKiWVQPL1tHVmG5eCkua2_cough-shallow,2
rJtkSijv5ROjzB6LHN1XCAfe9752_cough-shallow,2
IxdOYraXjNXf620JP1hexb3YDJ93_cough-shallow,2
R1wbQWmviENBtOcugCHjcmvRl6o2_cough-shallow,2
rjI1qyc5W6RkajiRcmde0VISAIF3_cough-shallow,2
ZnfFHbrHryWzAq27TCTQtY7uWTm1_cough-shallow,2
vBRMIg1ACdeSAFmcWnII6ZkDefV2_cough-shallow,2
SiEdfz3YnndtOTlm8CIVK4YQcg42_cough-shallow,2
3PIiY2eRLVUN4Tba0a8ZN5W6frA3_cough-shallow,1
0gB18cWHioTobGuU3qVE0QV5mBN2_cough-shallow,1
zNNcSmfHhTbjLm5NcVmrOAf5C2j2_cough-shallow,1
33uBb3ZF1NekffyAZpRdmyP0KHH2_cough-shallow,2
eu2Hm19FIUhs68KsWGAlCQ4WVc43_cough-shallow,2
vdaDi7xUoVepm15b98az1F6RN1e2_cough-shallow,1
GZM32y1Sy6X9D9hfrrvpTdPfmoV2_cough-shallow,1
pbXQf83tO4bPFQ0UZjs9HDE7i7r1_cough-shallow,2
AdRRprqo5ZUuLMOPs61ZKS6vrdU2_cough-shallow,2
fMi5uNWoboXWzfIDskyLCl8HHxH3_cough-shallow,2
dxKWK5iTjWdjch9zRGCnc7R0eeq2_cough-shallow,2
h0XfL2JtCLb7hgupJ7lLQJ0fzgF2_cough-shallow,1
jFtviHrZKLUXECg7rQPRt16g0zv1_cough-shallow,2
DIaVEL0f1kXNG6KXgBMEQ54yirD3_cough-shallow,2
qje01PDBImMG8VBE3hnyw4GbJ7W2_cough-shallow,2
vtVLtX1PGdX2b2fhF18Fk6DULZ03_cough-shallow,2
j0q8isyOE2akw5RDUOV9whSwNDW2_cough-shallow,2
rSDhZrvtPFhvXnAPUJnYoPBN0mD3_cough-shallow,2
269e2kDksfRXKVHNXf4ACl9JUVm1_cough-shallow,2
H0tBSJN5l8db5f6xB2yMm6QxjFO2_cough-shallow,2
CZT9HTBNgaQrTVKBjIBUtlu6Dgx1_cough-shallow,2
IH5AenjC1DTmH4Rw4PhvnaKHbmw2_cough-shallow,2
XoXEyaVStbMpBgQXljyI59CPI4m1_cough-shallow,2
QlMu7Fl8iIgOZM3QHEOzOJY6npH3_cough-shallow,0
9esRO6MV7jhuNNWR9i0j6gBrkXG2_cough-shallow,1
5JO89F9hCpVbVFy7jFqPKtVRyIV2_cough-shallow,2
GWjZnz8QWXXGzHLaG0HNHFyeZgS2_cough-shallow,2
giXzRAAuoRRAg7xQ9Y56DX0FVDr1_cough-shallow,2
GKhkkTlN0PdIgHoEtwXlRlCqMd13_cough-shallow,2
ByeE6FPls3S20RP7vxsLDkmqpA32_cough-shallow,2
9qXBPCugOSe0Yl1GhThi1kCVZDD2_cough-shallow,2
MGvc85QJD7PFeYxoAeTxsiq4wHr1_cough-shallow,2
jsYI5hPpF3XJ6rW8EQjUTCfPNZ62_cough-shallow,2
StMoprM57wPyrUs5p0s78r1X0Qt1_cough-shallow,2
95XA3QmnULQ1KPlcdw4RDDKnBhH2_cough-shallow,2
mX9OLV39QwhCicc7VLqQyniNdU63_cough-shallow,2
RXZtiZlgDxObuYr4m2s8eSavVg72_cough-shallow,0
Q8ADRNJMa3ecKbRrrVWqBsbNmsL2_cough-shallow,2
yWp5tMRFDzbbeEe2csKNd909fqh1_cough-shallow,2
zga52aKD4sQJbsqwZg1RrLKjkus2_cough-shallow,2
aB7zSIAFW7bCmQC7IBUWFjNncTF3_cough-shallow,2
qRSYuXkgdobbygXanSccCsfBiSK2_cough-shallow,1
R4AY1hLOZtUJRsYeDGgGZR4sKVP2_cough-shallow,2
OTSzQ3koIrTIdjRbfrDBzn88rLe2_cough-shallow,2
C5eIsssb9GSkaAgIfsHMHeR6fSh1_cough-shallow,2
LYJToDRYDZfpjBuNC6YkUcphr0q1_cough-shallow,2
vgaIxe6N8uQfcnstW4gWet53Amt2_cough-shallow,2
2n0fnSeTNiWvPi7aLxRrFsCGU8D2_cough-shallow,2
4e9u1T1conYlXIQp89SQRgMPScY2_cough-shallow,2
YjbEAECMBIaZKyfqOvWy5DDImUb2_cough-shallow,2
pOZwqBg4NsVYWASmwwhXFq4UlpC2_cough-shallow,2
OW5RTM4WXPawz0QLpsfjsl4FqM22_cough-shallow,2
lF4uHVWCoBPlnxvapmUJ4ROtYV73_cough-shallow,2
r0XiFJDYZCMvV7xT8LowfFV3DJQ2_cough-shallow,2
aGOvk4ji0cVqIzCs1jHnzlw2UEy2_cough-shallow,2
AxuYWBN0jFVLINCBqIW5aZmGCdu1_cough-shallow,2
rB5oGtrGYZR5uJUXEaDYrrredz13_cough-shallow,2
rf6smT3AxxYh5E5LqwXPy0VHrRr1_cough-shallow,2
Ny6G594aKENcYgURBgYJJa62ziV2_cough-shallow,2
iV3Db6t1T8b7c5HQY2TwxIhjbzD3_cough-shallow,2
GzhrTQhWHSTwvweRKx2x1Uh4wx52_cough-shallow,2
RUG3ss3JaEVElB4LvuOrW8wC1pD2_cough-shallow,2
nE9m0JsRXTYoni1nN9LpiBJJJXJ2_cough-shallow,2
fKZtrxD1qFVpLIgnmwEzWvnQZc83_cough-shallow,2
Q2rqPfhdilf16SbycBrtJ4gQ5Ep1_cough-shallow,2
qhYsqvdV41c4THE9gd4ugJqIYW03_cough-shallow,2
4wRQbTA56AgZ27o7Yq6oVWUzR7A3_cough-shallow,2
NjLggybuDbN2vcR2Va2hyDuDwQv2_cough-shallow,2
oA6gLaXH6KeSjWF46cAtISLp79z1_cough-shallow,2
M8Y156MBhmYtI8n9jopclvzzK362_cough-shallow,2
DeMaRSg6lVO7oA6v9HK3mbWjr3r2_cough-shallow,2
229rWq0xWbfGANPmsv6F39xhjnS2_cough-shallow,2
qqMKI7lvNFO8aQqGkWs0lvww3zJ2_cough-shallow,2
3RBbwztykUWGLJ5UmBZoL5pqOtA3_cough-shallow,2
lkIyl8ZSqIVKiLcfXF6cez7i4o13_cough-shallow,2
3VCMGx9M1tTUiEcjERCBG6iC1Ko1_cough-shallow,2
DZmX1dGK8KdmY3WYQFuCXrVWuhk2_cough-shallow,2
kIpoXJzNPWQXgvSIdHiJj2kBK6n1_cough-shallow,2
fVL3e9RKRgN2yNKT0KMNZhbal8R2_cough-shallow,2
60JfHHIcNZUf9lCy68R1Cgl69ZN2_cough-shallow,2
z1SsPGv63YeNLOjgDUTa2kEG1wY2_cough-shallow,2
nPnKdupHeJQ46bqslx7STREbkXt2_cough-shallow,2
l0PKph2FdVW5pGpo8cXFg6vj2DN2_cough-shallow,2
TmtSpBMTFzSu3z7HHtir7UqUNbl2_cough-shallow,2
A58ps4OZgaO0Y1E5rbeUBGJAxiW2_cough-shallow,2
xwD2G8sZ9lbeSznnXmdsgrX35473_cough-shallow,2
nWexc69oEiZ6d1YP3v2CDJBipkM2_cough-shallow,2
2JEOCn5AtuQh5Skzhzf5ASuIC9z1_cough-shallow,2
6igAuPMTp6YCmFo4g6qp9Cj8t1k1_cough-shallow,2
y2ceQRvov6OusKPKa7okrqRHkLo2_cough-shallow,2
TfuCgDdguMVRpKIAXs2kINT1Yxx1_cough-shallow,2
qCHWeITBZrVHGPrFEiW1C6rnjp72_cough-shallow,1
IbHJbk0Rz4QkL9zRJzb28SEDxJj1_cough-shallow,2
LAGGMvR7ScbjwTmMYBbEBfWRcN93_cough-shallow,2
Ed1ZsgwOyYcEnpPXOXKPQd1QaS62_cough-shallow,2
7a71ntGZtkQKltg52eiRPJj4cr33_cough-shallow,2
FYXJ3Brvf1Wi8YdILInJ19dSiJM2_cough-shallow,2
3rQH10GnP9UFC6WD8iVbwZLI75K2_cough-shallow,2
K5SeTDLlXVQ0U5sl17KluTKEOKJ3_cough-shallow,2
igcBoCJELsfzituxLn61lJybxgD2_cough-shallow,2
T6a1ltY6OiOg38ChVI4URNFmGe23_cough-shallow,2
hmLJe6Uy39bPc0Mn0VSF4x3TqWp2_cough-shallow,2
ZHsY7y4Y8JOoafrQpOKJEr6gORq2_cough-shallow,2
J1YTIleE4HWC6wCg1gIC1N4Hgw13_cough-shallow,2
eNTXqhPqTser8AI98QMVcwQpV5p1_cough-shallow,2
ykpL1HVINBYQdqFtTk9IPAtC2FG3_cough-shallow,2
wgHmm8HnFkZXb1MypYI0nym1zz13_cough-shallow,2
wnYwVtKVX9f8UdFFAkWGUvN98V83_cough-shallow,2
EAqrht1aIXZSoBIuuULWnWTjwQr2_cough-shallow,2
Yk18VcaTrIZ58BIGGgfGRvrf19b2_cough-shallow,2
Q5C7zucNKTZSpYWQBFkZaoKucwi1_cough-shallow,2
KnZ1QsM9c8UoOBXrbt4qassreFj1_cough-shallow,2
qDaEukMgm3YGWKR1SdJqKIaxG6Z2_cough-shallow,2
6fqe8i160qM5rtC4uHrlu3MZXe32_cough-shallow,2
Gcs79sztbbauDn62MJa2xq2jrqT2_cough-shallow,2
PlplsT6dnBbbDLRRXiSGU5I8Jls2_cough-shallow,2
oOAokpgIGldpKKlBoPfcyOoycf23_cough-shallow,2
2TOBsGCz6ZUYjZ1DKt3C0ae2VlZ2_cough-shallow,2
iwgKSGOJCSXNupqJWO2JeuT3Omf2_cough-shallow,2
LJ7VSEWnDqb3lPknPM9Q64zjdof1_cough-shallow,2
IP6mdjKfmKNgsLLT110MkgGvWK02_cough-shallow,2
dmE3r0LE6Yg9qmCd7aubpgug9te2_cough-shallow,2
4mg0uaY0GYTtgo4hvP2APxs7zhL2_cough-shallow,2
RrdJGUs5gtbagFUqPyOzF19r9Sv1_cough-shallow,2
us7APpurf2OG6PGiYAvqrE4fZtQ2_cough-shallow,2
DsEh7p2DEgWLuhbSTrqgQnTJJjC2_cough-shallow,2
B6X0O4W1xyP5lMLvMIzc4fGhQSj1_cough-shallow,2
PZhCH5PyO8RD2FPFQbeCmuGB5q33_cough-shallow,2
kgtFoIOecEZqthRZTYMaYb4zjQy2_cough-shallow,2
H6bxcGub1wOdaWWZ7kyk8KYuswf1_cough-shallow,2
IBjSkzn7W6WpVSw49EXPM2ME75t2_cough-shallow,2
nXZU2OEKmtPSXhbaHZAKb3snrJt2_cough-shallow,2
jU6lNbGSe4TXBJdMhRoUCRnAWsT2_cough-shallow,2
y1BNWatVkKPrYY9TfvTnWjZVaJp2_cough-shallow,2
DBRoQFTQR2dq3OQAMYmPcFsbReH2_cough-shallow,2
D246kD9hgaasRxrRMzEaQSkft032_cough-shallow,2
Hb9DrqUzdCfKOQWYs4T85y3S3Rl1_cough-shallow,2
RN1h8pdpLkMEdRKNVZvFJZqWfGD2_cough-shallow,2
jOUwCxF1qygGp8DqIt0zMiueXXj1_cough-shallow,2
6BGTwwcsLoZpqSMhSzFeT2Z7Pqr2_cough-shallow,2
jEkD1ffbScZx6wVALbrAhPz3w1S2_cough-shallow,2
JCDtX8bUuMbQNeh7SkMjavkAgVv2_cough-shallow,2
SopKRSJ4JcY36rGE8X4wRE7vPHl2_cough-shallow,2
y3xOwlrqS3QhFVHCYnzJfCN0I8F2_cough-shallow,2
OIGeFP6iMJfFUhNsVZ3NQ6bsorx2_cough-shallow,2
sWcxNpUjPcbEfjNw7RouuKrSMyx2_cough-shallow,2
BPQxhBSlypXZICqfsmZcUYBxFmz1_cough-shallow,2
xf8WMloFOzegmJfwltZVuSQHTyA2_cough-shallow,2
xSNAaXDQn7NXL8xgSb4ix26X1R93_cough-shallow,2
bk1oHM5vebe9ZNtgyRq54UVOIQR2_cough-shallow,2
IIKtjdSBHDUkAzLMBs6n3SLbR8Y2_cough-shallow,2
WrM6hLW3fGbGgwpWSZT9HOSU7CC3_cough-shallow,2
USIcgb7j6ofzFTvbjQVofvgJOoD2_cough-shallow,2
nK2YpVS3PYX059aMmDbfR6UtBA03_cough-shallow,2
k3vGUBt8qVOWHcF2xQB5YYIhGEX2_cough-shallow,2
q3DEiVNvlkNAGJq8LoHEb1TVPao1_cough-shallow,2
EAj5X2nQbNhAzPOqXj28BgI9Wpp2_cough-shallow,2
p5vVbB3dnSSw6SBYjsgsi1Hv4Eu1_cough-shallow,2
6EIX9NrJ1oWfURDgcOsxZ8j4z5o2_cough-shallow,2
8Ngu7IThNzTVZLqXDCm2BkMBSLl1_cough-shallow,2
K0LmigcBKlRdTAlrCyfmBJaQJwk1_cough-shallow,2
aBhVajwUynU2XvqHDXl7EA9bVNm1_cough-shallow,2
LuWrKc4LBRWEfrsF2sCdR7o57m12_cough-shallow,2
p892e9IyF2dZFs8eqIF1TCtxf0A3_cough-shallow,2
euLpkmzCb1cGb2gkZRQ6gh7hGsC3_cough-shallow,2
gr6bSWC4ScN21fpbwxCXpwgFE2X2_cough-shallow,2
dGnCoUaAVqQqp1p7Kr74K87Hm2D2_cough-shallow,2
cLXikKTj0Hghh6qnvuvfKaqaGFw2_cough-shallow,2
ose5fZhlJWV7qalryF6Nvp3kY482_cough-shallow,2
BMhTCbqVnHNePVbFulnWNu6ZSUg2_cough-shallow,2
z7RqPeGUQ4X8rxD6ftMf9i4ZE3w2_cough-shallow,2
svTIg0ZpdObLgdUfB3x7aehwRHj2_cough-shallow,2
8XF2UFLn3Wd6dHHMdOlcGbQiMqb2_cough-shallow,2
JecvGmjPyEVl7y6fupTTp6QZvoJ2_cough-shallow,2
goCuK84Tklfu22gFPPMqt1ZIjxo2_cough-shallow,2
teOvCnrHvkhO4p7XASV9OXfL0k72_cough-shallow,2
F6QzdFvGdwarlCWLBfsrGJ5Vgci1_cough-shallow,2
UKeaEFOLZbT7lMl0qZr3uGPO4wK2_cough-shallow,2
GpkFX9qB33ZsvFG4HWQHkOMWjFW2_cough-shallow,2
D2bMfCAvvSPj39z6fMToDFRh2rB3_cough-shallow,2
ypvsQ6trNDhlWTd8A5vXrRCC8mg1_cough-shallow,2
9znW0Bni1Scj62DqhsfoagP6HLI2_cough-shallow,2
CStOCq03YfgBopyDsibRbZlahm13_cough-shallow,2
3xebjLX0tvTb7LwpMw7QiNixBln2_cough-shallow,2
uiJ6vlTGUtO7akwp4VhP2142D9u1_cough-shallow,2
gyh4z7KnY9eBGjNzBmKh5CeJyKA2_cough-shallow,2
spM6cgJG4VQfYjnnTqxwx3Cg3pk1_cough-shallow,2
kDI4V7d7CNOZp3DwAK825tYAzsw2_cough-shallow,2
t7dXTi07q9Uu8jKWAkO7FvTGD9c2_cough-shallow,2
Tg9azT9vyfe95C5l2z8hwHEc1p73_cough-shallow,2
URgU2WswGtQp3hFNsrkdGsVxAzJ2_cough-shallow,2
d2Z7BHOMYlaJlksH8MiGJ9wKlBX2_cough-shallow,2
20jWH9MjwmbBKFjhi7KkMYZn9bk1_cough-shallow,2
796K27lWKTfniw99yaqsYIvPrvi1_cough-shallow,2
gjF0L8phdmPxc9az1muox66bQD93_cough-shallow,2
sGG3SWYeDtd52RBt3dMM3HSv8SG3_cough-shallow,2
83BZjlFTcYZWakpS3tf63fpwbQO2_cough-shallow,2
X2oy68UUgdNd97dpzW1ZubPZVIC2_cough-shallow,2
34FItWuiLofMlaG1BmqHWVgHelh2_cough-shallow,2
MViWQGORcQfI5lGwqT4CDXP9iHG3_cough-shallow,2
1oiS7CTfV2NXbNqmYiQ9rs5toFS2_cough-shallow,2
yUN7VBVk2wP9yT2vpgzHyVUZi5q1_cough-shallow,2
ZdpBUfXPEpShEdHGVTUxULhNtn23_cough-shallow,2
MVhuzBxevwRieaQMwOCfiyCCzUK2_cough-shallow,2
A9YX4pRpOyW1PuuL9YjMs0kFQI03_cough-shallow,2
s4cWXeTXzEagPfbizekEnRnDh4p1_cough-shallow,2
z5IwU11sIiMROteZ2EuuzBisNex2_cough-shallow,2
t36yqxelXtUEMy6tQJd8Bn1Kr673_cough-shallow,2
HmLWj3LIICf3jJshJCvZPdw7S1I2_cough-shallow,2
0M4YhLM7FwWO5IjCqhi7MlBhvJv2_cough-shallow,0
jNkULA6oqOO3RwpvkA1OZ61hhi02_cough-shallow,2
5xZE8Rq5oihwEixr96NmUmiy7zk1_cough-shallow,2
GBZ88OAxQfg6NBTxjDRI0Pf59mq1_cough-shallow,2
yT9Pq9LwzFalmb7PBeWKoIoUcng1_cough-shallow,2
XOfL6t78sMQHHG9VppmLHnaawvg2_cough-shallow,2
WSNcPIb74jUzQoVPA7RGZKWtMrM2_cough-shallow,2
XKn4doW0qvfsdM1VskIcJSPEhyz2_cough-shallow,2
sxkvX8kn2eQnE8pbiKR58Ruea3n2_cough-shallow,2
U5bTmSt9PRfWHiGleINUHMl8cg13_cough-shallow,2
oT3KtPYs2CSp3MKgmhGPbuK9QIp2_cough-shallow,0
tmguPZG0j4X5PktnGJyOYxVGtqW2_cough-shallow,2
EVWPvD070lhgBsNRXIJ0TsQj3iz2_cough-shallow,2
OK2CZltrvfZbpTWB75LWMFqxfpM2_cough-shallow,2
DTvGOScaAzWfSBXf8B8uF916AKP2_cough-shallow,2
EiXN9D41sOZRBpHVHCLq3QUpKrq1_cough-shallow,2
9CjIhgGiWqP4wrhOximVkQgE8tq2_cough-shallow,2
dwCHWFYULRfluqFV2B10a2aUavI3_cough-shallow,2
gdt5iG6NWAWoK1edYqNFXUuZXQS2_cough-shallow,2
F349Of1rExaZ82Od6sp2jEzInKj1_cough-shallow,2
an56VxZWQ5RKFCHxW3Y0NquAEcA3_cough-shallow,2
HSgMHc61GdN0PC5BSzR6X96yzZw2_cough-shallow,2
vfh8Qe0ILbWxIEeQGC0GWyLe3yt2_cough-shallow,2
VWfBoslFF1fFUnApuT6svVPDbi52_cough-shallow,2
gGuUN1zRpINudd2X5CgQvDfJY0E2_cough-shallow,2
K8QeHIukfghK4kOQx8LnffbLWP12_cough-shallow,2
NxnNleTNUYaE2lndP2HIlGUbimy1_cough-shallow,1
Qxsv89ELtlUniEBfEvmDldEdZBy2_cough-shallow,2
LC266EVhXoa7KP4o3naQ6oZczml1_cough-shallow,2
Ml6JGK0BGDYiU7CulDVQnD065BI3_cough-shallow,2
SQb3JATyGKUZvdfaoVEBhhB2d752_cough-shallow,2
IVQDOUP0a8cwMvCkp1TnZ1FI88Z2_cough-shallow,2
gWIawRTh97MMSACF9Mq9braP8s12_cough-shallow,2
jLxswjEWjZQh3Wg6Dzu5VCoPhG92_cough-shallow,2
PzAQz6zDDcPbdSePDK02jGd4Rm42_cough-shallow,2
8t3IFTtBOVOtvpX9aX2vryuhSaG2_cough-shallow,2
vtgAUePTOhhqlyo7DiNxlnghA6h1_cough-shallow,2
DINJ1hI4xpQ0fcf7TsZN4pjXrol2_cough-shallow,2
TQx9HF2p3pXksgf5YNrpQSh81qu1_cough-shallow,2
exj2e14KykUjLNwbOGgOgFieo8a2_cough-shallow,2
PR1ZyxKH1MVEQjjCaRsghm8DrEf1_cough-shallow,2
ohWVIlRU80fBUC72G7JxfjOJeND2_cough-shallow,2
sh8x9M4ZeXXllQvCiFENINxFf9h1_cough-shallow,2
EVEnOepr9yaACgz1aJgRRoNpqaw1_cough-shallow,2
uzZEBGlFZ5c1dY39rmcphVB0s1q2_cough-shallow,2
Fsy78EiP9pOaFmMc6VjdI30SMvV2_cough-shallow,2
EBJVTXGpKucYUqz7evI887oS1162_cough-shallow,2
DQbyjZoEh1chrWRqOkPrUsxvqpv2_cough-shallow,2
Ou2g3o2wWgXZuyjlZr8ZABItDYx1_cough-shallow,2
LShW1854ahW9IMubCKJH9L3Kdxh2_cough-shallow,2
HLrE1Z2wnQSraudLRqiWgR154rA3_cough-shallow,2
sjRWRFsE64R2o0ZFdGJe8PlWwlM2_cough-shallow,2
TPrDC0bAYpdmhKxfDzCivJnfpKP2_cough-shallow,2
sEXwP0TZ79eEEbNZR1KRl3nLvN22_cough-shallow,2
Akn9RWpa1hMNtsrYVHGlBsmHkAB2_cough-shallow,2
uSboUuoU77ZRC3vwywgE8XqvzQu1_cough-shallow,2
itvtyBYukyL63vESDviOtQzwGit1_cough-shallow,2
qkdJKHOBuAYsKvnxbLvnoJ5Dc8y2_cough-shallow,2
zLM432Aox7ZcmTXoglELTXNAVnf2_cough-shallow,2
imJHn5lm2kNb8LxmSeTGBtm5vAn2_cough-shallow,2
eW3UMx8SACOoZft0ZOLZUIVaTFb2_cough-shallow,2
zhSebSRltXd69mGoGRVeYZ5eQ3l1_cough-shallow,2
NkibhMc8cVQQq1cj4RSU3NkkMW33_cough-shallow,1
hte8VptUoGVFEqvHpbh5brgfcNP2_cough-shallow,1
UJqJesZ2UHZm7YnsQZkzNzXdoFC2_cough-shallow,2
kus7obTENSPvUNbwD2yi6vUi0x23_cough-shallow,2
qpCGgfO05mWt67NzsFBKWJ5ZF1U2_cough-shallow,2
ki8Scyp1FRUOGvhgpjYjYFgx0gp1_cough-shallow,2
lRTZkLVfotSCNqqchfmOZo4Zc1o2_cough-shallow,2
qf3n0FsFJkfsUbOFngrrxDd5x7m1_cough-shallow,2
LBNOC0NrwANadd7m4SVO9cT0dyH2_cough-shallow,2
ywGZDcK06JdLH3XuSOVMKASD8ex2_cough-shallow,2
t2pbxfq394a4oOVoHrwbiUFV85G2_cough-shallow,2
NZ7eJVaMFDMMhpOKZ1ztgkr3fVO2_cough-shallow,0
vwqgm68Z4gZ9T5Ry9T4u8tYsJxn2_cough-shallow,2
ARnHOwUIKyfpC9ryG6AqrTcksmq1_cough-shallow,2
gdMY0DOvz8QrFltj0X4Ez0PpsHS2_cough-shallow,2
pUOk49eAwAcbHBwdL3OldmF1iHd2_cough-shallow,2
W1c56dgBsoe34ilAX8vAZs8tNcX2_cough-shallow,2
gHDyWKwAjxPkdxg4hh1hElbzbbR2_cough-shallow,2
cV9R1idnuDfxw4jmzpA7Sj94O5J3_cough-shallow,2
VOj0YLhyFhRIvXu1YYcWHVa8esT2_cough-shallow,2
vulAApAIpgcosLjfJtaN7Rrp2jo2_cough-shallow,2
xa2v8z3Yzgb9dFrq2gEZz6oS7fh1_cough-shallow,2
PlsyeCq5jHO4E70iZHfrfHSqSJu2_cough-shallow,2
pnoznkafNcbciLGFDaDsiyKzf4W2_cough-shallow,2
JdsUKe6JKBdfU7NZC6KeU0z2xKh1_cough-shallow,2
hP0R5MMdSNThSMZ7TNLjU7sxyws1_cough-shallow,2
GrE7GAhI8UUX1BK0QHOBGLvOQJb2_cough-shallow,2
DRBAZX64nuVtqBQf13gH7r36Mh52_cough-shallow,2
YiFpl4utCGTCGxQHqjYMOUgKlV63_cough-shallow,2
OllJVQmVKDgnUjNCKFCP0tPlQU03_cough-shallow,2
fci4w1K0PXhKOJfLlv6dql3YRU23_cough-shallow,2
tM8IvvHCyCXpEsx5T6egMVLj7Lu1_cough-shallow,2
Jw7YMfwGqMX22UbHh1TTgYMTYWs1_cough-shallow,2
QU89L9WuhdW74Fj41RQwBPCl9Vv1_cough-shallow,2
hD3OkVpgQJNlJSQxLgzqXzHp4jr2_cough-shallow,2
xwHQrG0KwjTLJvBYVtVXfHp4JAd2_cough-shallow,2
xKW2EpGmJcfigLecUTLVXEWQHPg2_cough-shallow,2
PWXapCML3JSGefaCRAxKjCNp0Ps2_cough-shallow,2
nDhgdZFoNRUBm7qY6tw3z4ZLOdw2_cough-shallow,2
xyM7qnHrkeSfQsGyRCsomcKfMDG3_cough-shallow,2
Y5YzktJpmdMp3h3YOTEWcxE41F83_cough-shallow,2
HRtlc2Oedzd7Q70BgFjlJGMbyPL2_cough-shallow,2
vxQXoOBf9Oa0zTwHaKRyHqiUQTB2_cough-shallow,2
zHug6OwMsNQnCCKu5TAiHKddqer2_cough-shallow,2
U5XZPZXjrqNPn4Eo3T2Ti46VNVJ2_cough-shallow,2
Qriv4y0rwfWRZDatFMOj9zdXeB43_cough-shallow,0
RQqyn5Ur0gcPPYhafDG9DDfIgVh2_cough-shallow,2
lS9YdIeCTmfaDKr4AgtF1hjdlR23_cough-shallow,2
RgfYXoDTg6MBu6V0xKMEjsMfY8m2_cough-shallow,2
tkr2LeHuJyNXW3uM4NUZBmp1qIb2_cough-shallow,2
HtCYru78WihN83VInC0etddLCv62_cough-shallow,2
GANtY5XDqOUFMC2lEizSdBuainB2_cough-shallow,2
trc6AC5IMYOoTnAeupgXR8YovHj1_cough-shallow,2
GMjhTrVkYsfH4RWjGFLCskzNnys2_cough-shallow,2
gfAVpM1IV5RhiO6CAiOjjn1AHVG2_cough-shallow,2
Uy5OhcHEQXY65CsYbiRPtN7RVBf1_cough-shallow,2
2jFheyh8bLO5peh0HPYGYjH5N9x2_cough-shallow,2
XlPcBLOUHdNZwOeNJvVy1KfjQDf2_cough-shallow,2
UbRWBwc42vQH5WKiUUP89RvPlA92_cough-shallow,2
PAngvEIaGxXq92VkTOyQPquFkVI2_cough-shallow,2
rsVzlx8x0INOnHAt8Xu6jrxeGqG2_cough-shallow,2
Su2HALYyJZVvRBh3BrmWmhxkvky2_cough-shallow,2
OnSOmvzzE2WLcwfrSyNbh0B89n72_cough-shallow,2
TXlvBOBGo0ReXW3AHhF5acgJ5Hm2_cough-shallow,2
zir8PPnBwfOaT05GrKj9nK4opfk1_cough-shallow,2
l4rsSAm6LtVu9k22v8PJnYp1pnC3_cough-shallow,2
MEEGIoNSX4exg4oIL3Q9MdysPJq1_cough-shallow,2
1irqEfgfrbXwr2ymwtkMB1Y0rnB3_cough-shallow,2
zLJnwXeJwCZI7uk7aDmLweAZCIl2_cough-shallow,2
uqD6aEx3ObQK5DE4GH900S42U352_cough-shallow,2
pitYbc063SXoFPZmDTvyI6yGxLm2_cough-shallow,1
vwUqgVSWMCWzCNxdD8uE97pk0I53_cough-shallow,2
gX0K8ASvV0epRvdo50i3a27JEUC3_cough-shallow,1
rGYIwhkeGffRq318R229inpudYg2_cough-shallow,2
5FQMhLSr6je06dBSJvZjbiddFID2_cough-shallow,2
5pGi7OUjz9SyuylhXvZQ7rWH6WW2_cough-shallow,2
qr3tupBiFNgeVUX9N4ct8GigLP53_cough-shallow,2
aDPRTmlNZ3XLxOMP2KafJi1lnWz2_cough-shallow,2
DwCHgxHJFhf0nAqiQfHS3lycTuv2_cough-shallow,2
JOimE3qKkOWxkKYIDBvIpXgQ9HJ3_cough-shallow,2
GSetkkCdEWe7ZoUia8WEkILrlkc2_cough-shallow,1
VhY3VgRdsbasG2EvYQxcYDN7Fw72_cough-shallow,2
4achmXwhZ6UIFduMW6ShHrJpRPV2_cough-shallow,2
yiPghdPwkdfosD5DgpsWCwryhI12_cough-shallow,2
NKfo9DcpbQeYHlZ6pHDOwRx08i72_cough-shallow,1
RHVaEkR1YzMXV33Bl1ScXlpBkpA3_cough-shallow,2
yxCtaUoJBHXnzfMfxfA9rJGR5ue2_cough-shallow,2
pR9duBb0npRqbWq9Dqp5IK8w4582_cough-shallow,2
5FnTn9FS7uUjXCbNzKuQY28pI3G2_cough-shallow,1
EPA8c37Cb5e2aaUfisoVCzoxMnT2_cough-shallow,2
dlSirkwl7JPl36hawynOTHhscyy1_cough-shallow,2
YRwYptwqVUfHZbZh1hiqsczaT8m1_cough-shallow,2
fezNxeyeMSSvqIiQvCsQROuhbNv1_cough-shallow,1
yHRFkSwYEehBF4AtthYzXkR6jUc2_cough-shallow,2
uJEVN893b2Pntd1Ck3cdY7RZZRo1_cough-shallow,2
RYJRtbTc26a12dQ5ddAwV2hJ4Cv1_cough-shallow,2
T9yi2QIANkPz28yo2bSNHTtpyJw1_cough-shallow,1
Pjs0FDjZUofs8mvB3cjg0Hibe8B2_cough-shallow,2
RJCywZ62exQqXX42zLDhAuaVjdt1_cough-shallow,1
oNB3E8WhVsOEhgx0sgNm0Czv5bK2_cough-shallow,2
KJQP1HlxlwfYbc7ogIxZ2Hklyym2_cough-shallow,2
g9WjuKnjoYZYmLVDY86u4JIwZ333_cough-shallow,2
Hsd2XPLTHxa0q43WgjzaQl22cB42_cough-shallow,2
uiMtR0VGFIaO3CQ1Tl8znyjlyHF2_cough-shallow,2
XCgsAnLqDUW7V3qSgO6exYqSvvB3_cough-shallow,2
L6zbMqqGS1et0kjPXmSsLUI3vz22_cough-shallow,2
Q9mjuJioRUSHLiSgS67ZTjRtCy53_cough-shallow,2
8XoAGDSPjVWjpjfIDHrIiHd4NEC2_cough-shallow,2
eSJm8nx2ygT4ZzQRzgYKpJiis1B2_cough-shallow,2
YpvrpmeZ2bRKrSUIWVe8a4fzSHg1_cough-shallow,2
8EgdDA1cAtS34CbZDTuyPsJw51Z2_cough-shallow,2
8FnL5QpBazelNsGBTVkBuTSpMEt1_cough-shallow,2
z3dpsRp0YuPntedc6sgMaRfW04t2_cough-shallow,1
NjtxNlfMRXSjUPgbkzzV7CCxvRB2_cough-shallow,1
MQSayo88HXcUcse3I8S4Fp3V52C2_cough-shallow,2
Ahv0311uRogDaFFI4X22nzsNVvK2_cough-shallow,2
HCsgRpbj4vdEXoAjjSDJj9vQFbB2_cough-shallow,2
ORaul0HINZblPYZIFh9V1g2G4q43_cough-shallow,2
pOWaDLmSdob8jJcu8rxztAhHRIo2_cough-shallow,2
60oNWRr2WRghY5hOnlBUBAjMgjH3_cough-shallow,2
KLjaX6zFZccy7YNw6CQ3fkzzwkt1_cough-shallow,2
sCuADSA3CjS3U2e2EOYEAt3Hqh32_cough-shallow,2
xxeoHryZgjVJhQiY6LAR7EDABMn2_cough-shallow,2
0W7xMFW538WmDghkiujx2v4xVnt2_cough-shallow,2
xJyoUt9euYQsPrWglHIDGqjtOjg1_cough-shallow,2
E3gn7SKrMhOK49iJSeIAEa1s7Kb2_cough-shallow,2
h6fnYcaAXxMQWF7H5QbSx4PVajk1_cough-shallow,1
NPwHtrWOTPgBVHkElhwB91qJXts1_cough-shallow,2
hmqyX7Xq7gMmLDSmb7MtmLc92R93_cough-shallow,0
Hx0gMpwXrbhBp9SV7clzSDQ50EM2_cough-shallow,0
vEuocXKs0mhMOO3e5l5ZWImJG6O2_cough-shallow,2
SkZeafTL9dd9dwV9nEbNrszqc8u1_cough-shallow,2
N0YQy11YpgTDM6243yERZXmKVas2_cough-shallow,2
SwrvfymSTCSlj270wmp4wfo1iV83_cough-shallow,1
ThEx12Qb23UTenYWttvsRvioxqE2_cough-shallow,1
ZwwWzt46hVhcDukhR2G4bCNnZe52_cough-shallow,2
YKJ4AmuaSThm9fM7nAE2rxLs9Bm2_cough-shallow,2
FYINlRe3mfOO34R8QcT3skESVRl1_cough-shallow,2
5nQ62bLiPbamvooxCdu7eLFCaDm1_cough-shallow,2
1iqECx2FTmg6fkTzjVIZeN7ymnH3_cough-shallow,0
3k5Rnc8QjVP7LRKe0SV3R8WsfQh2_cough-shallow,2
RTuiIzd8iGX3h3QWpU5CIJYHqD32_cough-shallow,2
0xWyChUEHYOWQLxEAL3ln4FDtUL2_cough-shallow,2
DYiC8Ym6NBgFGQMSLy104RVs4b43_cough-shallow,1
l1ObBBBZYMOCAlTxeFyd1ToMwjy2_cough-shallow,2
zdUE4UjuVwXhBeBZqWBGCDL9CSx2_cough-shallow,2
dGYruZO8jma3p1x7KKIXmuTbQvA2_cough-shallow,2
mikiKeqF4SVTeAyZiLFsC6FpGEO2_cough-shallow,2
wr9fXFGgtfPzQMIXpgDlBU8I01H2_cough-shallow,2
rXM1xzEoPifwWHJUFngAdye7u112_cough-shallow,2
pqhuVm6oPbd3A4FSf5p9shz9OO02_cough-shallow,2
xvMgeb7JIxMhve3nHltF43FL1q52_cough-shallow,1
DXIw27Fbg6PgosoH84rFPOVaQ5q2_cough-shallow,2
t19ZtqDNiJd7nL1SntNpS8KQDO73_cough-shallow,2
VKV5w2sVwhequJqUVG2kaaGakiq1_cough-shallow,1
5ulPmiY2NpQMXjnjn5w8unXOOnl2_cough-shallow,2
mpN8LVqfHAWvNZZrJw5cQ3vOVWg2_cough-shallow,1
kWZfsgqkRvaNmjgcH1lKSRIwbdp1_cough-shallow,2
kirLJEuOWzYOWBeTC4CRHrTTRVv1_cough-shallow,0
y7dTHpmIaYgPwbazH5f8o57WHoH3_cough-shallow,1
JCnMZyujiFf0m2QpwIlpld2ISDF3_cough-shallow,1
cPASvlDX0wewuwxfdbJgqqjYEH13_cough-shallow,2
xWTTsT9hVwcXT8vPHsyivbqX3CC3_cough-shallow,1
hNAGUEhL2Nh7V89at3yFEjQYo6c2_cough-shallow,1
Kck5aZ8dc5N49j8UPNqpsoHrKgA2_cough-shallow,2
HHKpf1D4mWga1lxwcxAQjZAqELv2_cough-shallow,2
ikYIaaUJutT91dYfNqA7iQoAQKN2_cough-shallow,2
FxxDIIr8jQRkvmA2rqn9rUGGXlI2_cough-shallow,2
96vge8k4YhZKRuYBP7T1WVw2Ouz2_cough-shallow,2
IvPA6FZJ5OSNOllqglmE2mkcnz83_cough-shallow,2
OAtQ58EyToOK0NsnlDdwpFnrwF63_cough-shallow,2
w3QJygDVetN5sPAsKTXe273bpau2_cough-shallow,2
MvMha3CRSic03lfuBh8UIj7k3ak1_cough-shallow,2
aohEEUYh09Nbb1k0HlGwxPcuD663_cough-shallow,2
ck8pNfygbfardUsaoS2NNVvMTt83_cough-shallow,2
1CtdDsZvTshuIGrVGvF9pilcHP13_cough-shallow,2
4gkSRZ0IWxVAOJSuVEFhQqrzIYx1_cough-shallow,2
Fi4TZCxqYqMvq8ncC4aYajCVRcz1_cough-shallow,1
x9L8LSXL39VqXt0Y00ekk3G9Gqn1_cough-shallow,2
YwhRHergRUamkPHHq2Vo5LA0WIw1_cough-shallow,2
eD46zs0Gr9Rm2dRnRvkdjI0jc953_cough-shallow,2
fuZ1Iu9k84gcTbZKIWElwq2RsLo1_cough-shallow,1
kufd2yIRZccwghYMiRxdc1Gc6VH2_cough-shallow,2
S4QDAi84LeV9bdeIeITuXAPSfVE2_cough-shallow,2
nDTky90V1seGFJaYNa0m4Io1eYQ2_cough-shallow,2
XQVpgnaYz4NHmXRFWov9lBKP1tg1_cough-shallow,2
L5tZkFTeajV4uDCQnvbWLNoG5az1_cough-shallow,2
kaIGgo2Cw7ff8AkV7vzWQ1KArwm1_cough-shallow,2
KXQDb2qDnpTQTTqx3JivfvB8zz83_cough-shallow,2
GuZQNW2ktwaUr8OxHPLN0iVGy2G2_cough-shallow,2
5dHPKHgDlcVJOWjQMg5t46IN06H2_cough-shallow,2
H1Ml5J5BxFT5aJB3687GpncQjOi2_cough-shallow,2
jkP5JFFckOVBrO7AaRcacyXkgMk1_cough-shallow,2
tAqfUCGTWKdgIF95SfZU0gtLPZt1_cough-shallow,2
gkgap61ehlgkpjvtbEm1EVbhv8j1_cough-shallow,2
Icj21hlLQ5ZwFOgpuekc0Bn7Ucy1_cough-shallow,1
aESHvWgJIodaDacHGg6i3o05bYo2_cough-shallow,2
jzZNRqxGsTXZVZJbipHEyBaGPAI2_cough-shallow,2
Xq0KTVn9T2TQhl644ZuZHT5ByQy2_cough-shallow,2
GLIDHIQIWigOOPXUqR9SYKIN2v83_cough-shallow,2
L6ScULj3LRPFLYdvs8HdWpzhkdp1_cough-shallow,1
8BmywU3Y0Xh4xucX5Zt2xXDkMzB2_cough-shallow,2
SeJVLdrWddXdcxmY9Q51FUjCFRv1_cough-shallow,2
ZIsSazVaDRZmnV0GzL164wnjQGV2_cough-shallow,2
qvKy3g7enMOhjEGqHPtNrrrExQl2_cough-shallow,2
tI9LqJQg4iXQcoyp03PsKbJaBsp1_cough-shallow,2
kCKhyeak3fP2IsFcRgP3AOPBDvz2_cough-shallow,2
yMd8IFHnWWYgs6CNSFypl9QhFGu1_cough-shallow,2
j1vkslz2yvP8MMGGhjPnZE4CVlg2_cough-shallow,2
HSj0b9JLMjVfqxpQi1s6OVQXkZw1_cough-shallow,2
chMsCb2SqaYxVB1lc93vPGPa5ho1_cough-shallow,2
imhxF3UQDZNVEnNeyw8jOAsgtjv2_cough-shallow,2
y8aGpi9HTmaSDBAKR70SEv9w4Ca2_cough-shallow,2
eQQfGXkyq4PbUnshUIBuHNt9jcV2_cough-shallow,2
WOAtvJdJe9OsuTQIiW5qhNlwaR73_cough-shallow,2
xthD326W2odUKmaURdpqoX18XEW2_cough-shallow,2
kOVQkT3hXPSecuCMdUHB35ejBAl2_cough-shallow,2
gxy19SDvEBZdJ7ZYr2b5sS2Fxrn2_cough-shallow,2
k7R0sHWreMTQCDnV5dMzd7t101A3_cough-shallow,1
jtlvbJgDl6Sum26M9Tm6uZIXr6u2_cough-shallow,2
MxWWtrKw3RcNjG0Rmrw9Rt4YD9E3_cough-shallow,2
lkU30sqRDpTcl6VejcsNheN26kq1_cough-shallow,2
ZfZdmrhvFUVDL6jqf0GaWC6rzia2_cough-shallow,2
Su4dvUzB8USceT2n3F7MWDO10lD2_cough-shallow,1
io9q2gZdUWhPDbYnJbzv8XsgCZz1_cough-shallow,1
JeM753cUNJdIV37vCj94583kYCE2_cough-shallow,1
ojihroSqhjfXVXHu7hB7gtI2Pl13_cough-shallow,2
zt2ssuTmZESDhYPW40dyo5RW2sT2_cough-shallow,2
QQx7MsHhXfPFNPjPAydYMmTWkpo2_cough-shallow,2
nsmJcSu7zRYegSynfe707MwRpjp2_cough-shallow,2
ByvAxiKJC5QyNZi2YJu6GyZYgPs1_cough-shallow,0
S0VydT0PnkaGbSLPpfoz2kr48yz1_cough-shallow,2
mR2kMg6kMuatgjlTHPPDNmY4YFC3_cough-shallow,1
VtwjlKASmmZBtDjNuo4ryqCBfr33_cough-shallow,2
b3xN4I45RJb7nxHBRUd6Q6yx3z33_cough-shallow,2
sQOS8ZFe4wN6uXSrjtI5ivCt92C3_cough-shallow,2
XanIvOwNxde5zwMzliOagKFFYUt1_cough-shallow,2
88mEmnYlbaPo3iQRZGn8Fbm9mNs1_cough-shallow,2
zyX6JZlkhxayEeUP5SL4L6WA1h13_cough-shallow,2
Z0JZ3bVzYZcEx2GkbTKAyWbyC2J3_cough-shallow,2
Gkp0AAA7iJakBNaPSDfnA5eEUoN2_cough-shallow,2
hVuxSeriDPUtRMM8xz2g7K37k0k2_cough-shallow,1
welbkeuEJpggaMpfcDyPgP8im703_cough-shallow,2
VZjOs3lF37fWrg6PsWpmwjCP5UK2_cough-shallow,0
EXFN8iHqxjXW7ApntIPI2qxQiMz2_cough-shallow,2
g6wE0LPtHWdH7XAWDCGHB5Kj1So1_cough-shallow,1
1HW5boss6UZ2uPXxGDCcwiKR8gh2_cough-shallow,2
pT9egK3TaHP0NBelDs9O5mhOPLo2_cough-shallow,2
JqVURYFKRWXXcxYNrqGTVte8IIJ3_cough-shallow,2
O7eAgc4vq5fZQmGh60gDaMxOjgz2_cough-shallow,2
gM6ePm1Ew2d0nCVAHMf2ANaKI8D2_cough-shallow,2
AaTqzQjwIYaQW0MHufWVP5GWQ4I3_cough-shallow,2
v0Cj73yuwacWiGqDlaVsMa1GHqd2_cough-shallow,2
isi9jPjYQIRlc93sv5mb9dQseEA2_cough-shallow,2
6FftFl1jWlQHb0N37KW4ajs9dqH3_cough-shallow,1
65ePxgK5pQY9m95iEk0gTXX38vK2_cough-shallow,1
lpnAzDCKhnNhryfkxvnedo1xnan1_cough-shallow,2
g31DKGN9FreFz5HQtF6z732O0LO2_cough-shallow,1
lyvfINttmWUoQsNNYdkTv8CzBa43_cough-shallow,2
VFG4CURiubQsHbGiux3co3TyL043_cough-shallow,2
cPuXXUduYDh1lEnHlSkDeHnbTvq2_cough-shallow,2
jaaBKWGuppchj0ahnBiFzFeuBB23_cough-shallow,2
jVdlO7RPQmaumDLciCDspJInwMx2_cough-shallow,2
0ujmfEsuhJRsGfbW3ttpSMjwJi73_cough-shallow,2
DES9AsgsFdVdBotRJ6R46C4tc9c2_cough-shallow,1
hqzMroQpC0QHDRI78EvbdmhgksU2_cough-shallow,2
xB1PJ5sqyuQDj48VQ3E47ap9dPn1_cough-shallow,2
ItB1KcAWo8Y8Cy59mt262mXYxXU2_cough-shallow,2
n53G4OdIz7a5kkUyObojHfGBvki2_cough-shallow,2
Cxk4DW9S6fQhB2mafs7RBT6HCLt1_cough-shallow,0
96eiRKxrQpTqK2AvQyADEtG5xEi1_cough-shallow,2
2BdU00Hv7XWhJQOz0TiyeLtvbAG3_cough-shallow,2
OatFCKWJSXcyyGHHGozArF6mCVU2_cough-shallow,2
fff17MjZZ4ZDyFJHBTBD66jMDqq2_cough-shallow,1
YDqGf8vnHSPjo3q3PjdkQ5Pm7C12_cough-shallow,2
6CcWU1oa6YeaL1hletunsAHLiOx2_cough-shallow,2
XGXvJt5p7wQ7fcvMbdN92bAPzZE2_cough-shallow,2
6foPVVE8lRXyaiy38TRYH55s3zN2_cough-shallow,2
A6cnzNlOAmM8GCpUKtC1ZwTKUiO2_cough-shallow,2
3tu94JnHgHN3B7LVzqQwE25H2Gl1_cough-shallow,1
jtTWQOkCx0RG5LBfKnPekeYuhMD2_cough-shallow,2
UOSC4wYpuNVn7If8bs0nrpetNix2_cough-shallow,2
ewjgkt6HqIQ24vpCKFBISsgr5gJ3_cough-shallow,2
KOKCooQejva2hnY3f1LnxqL4gUR2_cough-shallow,2
hVWqZEL0c6RSrDEjSCyvyFPMEum1_cough-shallow,1
pLk1k0G3cnbfzxENxL8axlc1PTj1_cough-shallow,2
5YSIWpZPYZUqG5rGievs4epu33g2_cough-shallow,1
GGGztp5BbtgwQ7McufNdfMAvSFv1_cough-shallow,1
bbemMSSF2DWykY2lW3pFokk39Wr1_cough-shallow,2
jx5lw63NN0SESDVLpYEQTHXuzti2_cough-shallow,1
cFePAw64vTSRzgy3ZXZFGC1E7rS2_cough-shallow,2
7uVROrqAKPMofUKBkPhYGgeU1513_cough-shallow,2
xTrcp3vDL8bkpVEICdd1YsOURKx1_cough-shallow,2
e5xiRpxobLe69psjXzZtitwdxpg1_cough-shallow,2
dEM0ehwUlrWLDRwRyFVY35hHfDG3_cough-shallow,2
14bqYTAafsSLdCtHZVw1gavRhpd2_cough-shallow,2
T6yyKorHTOXc7a7Hdw18FnNLN3I2_cough-shallow,2
av4p9I9aBGfNYwrwkh4jEiEk1lE2_cough-shallow,2
YEPHDMGy11bhRKUTSh5vHHfRk4K3_cough-shallow,2
ugXNiwAC4VZuidrzssew4IEViQM2_cough-shallow,2
UKnLR9FqNMSQ4rXR6iclPC4fknp2_cough-shallow,2
BvSvfAT0dRRNGX7n6wmIpOlp7W12_cough-shallow,2
tk32lejaXfVLODylFxYZC199STm2_cough-shallow,2
Zs8oTVcUPTc8pk9UES7sFEhRDxX2_cough-shallow,2
80M2CERHxJcqnfMAjwyheSC67Ec2_cough-shallow,2
6C5Cxv34nzSpBc7hvwkP7p5olLz1_cough-shallow,2
dauyEPjsulULmwBQ7REEMrEAxBk2_cough-shallow,0
HTYeSgQx0TcOekPlmxF7AwDgMJq1_cough-shallow,2
6xGgPexIjOVVNpVmRxzIarZHaqo1_cough-shallow,2
1YKLwejE06Poo1Whg1sYL3EC8sz2_cough-shallow,1
oeUYi9pKtHWMWaOPoKCjBjfOSHJ3_cough-shallow,2
uUqS0VsfJrTv9zCPWwLqRmF8Uoq1_cough-shallow,2
9dNkv55RCuQGvkd7ueflfG6VT2W2_cough-shallow,2
pCvmqsHirKcCQyWTKFUJF14jbTH3_cough-shallow,2
cfkQZPXKiwUdOgACOzPoZ7alrOh1_cough-shallow,2
sSRc22AD2BNCZwcHILpCD0pbp5l2_cough-shallow,2
lJlHlD5QIlOavw5qLRHbyR18T0H2_cough-shallow,2
tKPYt15PqwZH8RcZnoRnkk4Q8UZ2_cough-shallow,1
lMsEJjeKrHaNhvVOMzsUoCcTguY2_cough-shallow,2
KzArWjCjApUOIz69TPVaZxSKQ6W2_cough-shallow,2
0eQAE4NgLUWYqAaMuWoO4XgIgvF2_cough-shallow,2
4pSWWWdAaUd7s2dh6eXaaXeSLIO2_cough-shallow,2
eqI4Ht18bCU6HbJVycb8GgXRmbU2_cough-shallow,1
j0KRTzpx8hepjyKHU3GuZ4JgmBW2_cough-shallow,1
okpi2sQ8U8Vmf21zXNO6kCgks5y2_cough-shallow,2
nHni2h50bzR6jh4FDPgY2NtVs7I2_cough-shallow,1
3oM1GutSzARkQnaiMdIUMOSczz42_cough-shallow,2
oTCyHYFIjtezHe2Tr9yZg8Lj5sv2_cough-shallow,2
38CylWLQxybGkrRABrmg63KnAJd2_cough-shallow,2
cAdvtOxMKHg9hO3IbimCRK9Vooi1_cough-shallow,2
Eik9USYv51RYy1mxzPOGxPLhn4o1_cough-shallow,1
OmMVi6kdnHbu8sKZsh6HsGHm4Cs1_cough-shallow,2
MCyZwW6oHlddq3Cy7QRwPHw5gof1_cough-shallow,2
f1tDfcVYVlOPYBAWP1ZDMdGER4m2_cough-shallow,2
j6TNknVPY1Y5LO4PYT6RoykWbha2_cough-shallow,2
3W9lHLbMzRVftjy3sxNnXwOTy6q1_cough-shallow,2
IS3AoZuo0cXtuYb2aDWkrIWTciP2_cough-shallow,2
9g7Qa5FMZgUoDcKvLIPLo7m6mOD3_cough-shallow,2
nyOEOseZX2cXF7ItBTJP316eTrx2_cough-shallow,1
wGREdkmvqncUfRgcia9679biMIC3_cough-shallow,2
11GcRROEvCReCSBzteGoFLw1GyS2_cough-shallow,2
rAPBfRm8PdZvmMY0SVTQCbN6hhE2_cough-shallow,1
REFqANOm1nYxqZQ8t5EftdmwYeh1_cough-shallow,2
KoVhPh3wszMRh4pyxUzNhhSwxyX2_cough-shallow,2
tpnRTSUMvkT4tJZpIQi0OghPefz1_cough-shallow,2
1yXs34J4y9VaRQSdwgm4NVWs6Y12_cough-shallow,2
eX9y5J7LtpfNf6c2cl8yDBRhmXV2_cough-shallow,2
tf9elTY1UpTjJ2qCFYUoeZYJEe42_cough-shallow,2
4atnIFwUK3ZZTiWezgLwrvHHOzT2_cough-shallow,2
CwGGsPFeFQPwRy8ba33e8SXGS132_cough-shallow,1
DVdBgadmkvN8uJy0Q1kPTOBdUhu2_cough-shallow,2
2ACkagjqT6NFG3zysVS1cfoL4Ad2_cough-shallow,2
1BFTsgEVsJdltjiXvECDOi35nT53_cough-shallow,1
7CiFcbXjGcMnMjOfs4Y4ejS9LaC2_cough-shallow,2
8UkGuBU6UQZqRiqhPtxq1v5m2a33_cough-shallow,1
wM9q9kHdbbUV3RfjYj7wJeXdmFd2_cough-shallow,2
vMGhws3ezYdCMfegQ6GXlLxmdGJ3_cough-shallow,2
9Rhe6RDHuMNXaGiqKVaspw71Exo1_cough-shallow,0
z3HiQpxpksYG6UTo9umAL7qWB532_cough-shallow,2
Hl3DXvP5aMhh2JhHFE0K2ofITyl2_cough-shallow,2
SI6TF4Wk7XdAyxpOK4rW3usdrAm1_cough-shallow,2
hTXACBsoo2XasDWx8U9y7kzs8rc2_cough-shallow,1
N926xnCk8rTlXrPA1dleXFO4XMJ3_cough-shallow,2
weDSWB2g4cRfj2Xi6DfJ1DCouZr2_cough-shallow,2
zxRJaPEBRGX8uH4egnctWAuIuy32_cough-shallow,1
MXVuW7mecgTkOLUIH7zETZopKkw1_cough-shallow,0
ysvx8FCvKbPi3Z6Jkhcd6sNsnwn1_cough-shallow,1
1gimjLEgqBdoHReixdq8HlEBfEr2_cough-shallow,2
TCLyqYcr88coeJe3jnikuqyjBvs1_cough-shallow,2
9KCtOKDALHXZZpzXizYJxBQ2Ulz1_cough-shallow,2
6sZ85LTF8WdTDcMX028uCjK4UH32_cough-shallow,2
ok6CEL3947hifXVHHmCDt35a7D32_cough-shallow,1
5FcCm1G9aPbjeCwnAgd7UUQFK062_cough-shallow,2
VmmaLwCF43PJqiCnKPXO73VZJwB2_cough-shallow,2
MnRYYa6FN4VLwxLmTCQ05UPqmsW2_cough-shallow,2
iIAyplBPqGgFXKzvpIxFlcTgb4r2_cough-shallow,2
7sW9NvDUCfWdCR5bPANiS05bqRc2_cough-shallow,2
vus9YM3VqCXq3QckSGoeHJs6pBN2_cough-shallow,2
7dibZ9sOTyYwP45P75NlmZQksjt2_cough-shallow,1
UDEHS36gwSOkEmBhQZSlwGnijax2_cough-shallow,2
e5zod8UiU5SDAOqqwi4utU24KMo2_cough-shallow,1
QPUF1XfHBbZCGh4QhsgDhGLnjTi2_cough-shallow,2
WTy9ym2R87WxEwQufFkYxRZDY0C3_cough-shallow,2
kgO3qInKxTZQeaLHAceD3knSCZf2_cough-shallow,2
LCa0jYXkxJZ7JUJC262jrqy0Zao2_cough-shallow,2
Ouvxbo8RR6Rs4u9EMksEqxP84DW2_cough-shallow,2
SI80JBOb0XcjW0Ez4Dn4Y0Ev5mw2_cough-shallow,2
aImqoeTbibTbtdXNmH4F1qc3Jr43_cough-shallow,2
CjVKAdiAXkdaeNfQ7O9VWBrSpLl2_cough-shallow,1
vd5cQ5ZzjDXepHCAivkUaRFATk32_cough-shallow,2
wByjVbPfagQsv9nerwycE1QDQ5B3_cough-shallow,2
3bcZt9qehyWmDKvJeohIgrEwUsL2_cough-shallow,2
yWcihv2x97Rzj5Z4i72YVe1FZMG2_cough-shallow,1
nyQzKuJfGpRc1KD8cXFY9l6qdcv2_cough-shallow,1
90jN60jxwIMkR1qknR8Ziahvbe53_cough-shallow,2
cmb5xzMisFOW3SKYjF7C8mgLfD83_cough-shallow,1
ROuIITY6ZYQRx0FR202YGkTsmSD2_cough-shallow,2
xheyhxTtPHMng1BLZoH0b9jgDZ52_cough-shallow,2
3fKAFFPrGTZTay5GlkoipIjRUPL2_cough-shallow,2
CFkIEzwZ5PcogCElOD2K3RJQzmh1_cough-shallow,2
8ZV97Hmq6VSrBRqWaiOLx44cHY33_cough-shallow,2
uBpTSMrCY2QGKbaMQ9NWmGA78P12_cough-shallow,2
OuoIQIvPBETkv1JvPOpHjGAK9UJ3_cough-shallow,2
6wvKyVH5jNcuBCjwHE7WvgbtaqI3_cough-shallow,2
xb5Zffvkf5MqrUPju4A98njfRMy1_cough-shallow,2
I9Nm8cGaL5OB4fnmDPM8HrnULVj1_cough-shallow,2
JiWX55SWdOeOspm0SChcEMFURkJ2_cough-shallow,2
ipBVOuYKjmSBDq7O2y5NOwH1R2I2_cough-shallow,1
lA0B2Fks6UMfTDPTAuyJXmZOHuo2_cough-shallow,2
hrxbMWssnVa3JHnqQ3CN8CE6QRE3_cough-shallow,2
zpjoDhhHvJcfhSHTK9i895kmr2f1_cough-shallow,2
HdJdEWQecehLzEQcyDV7vjr85C82_cough-shallow,2
VRTMrYKsWURrc4AH2nNRiElqTxB3_cough-shallow,2
AWZWqZAsydRwCkb1CSCZTjiG1YD2_cough-shallow,2
3JXWfUZsCThwlwp2VuuS0LsfrXD2_cough-shallow,2
Mx0Ij186LMVXmLB3xX54QCAbyhu1_cough-shallow,2
O0oCVth5kTeHucg5KChramxKozj2_cough-shallow,2
chGPz3cGyvRFMdWo36WHlyEBgpx1_cough-shallow,2
uwWEy23DDNYBMukZ3lpzFQOlT7m2_cough-shallow,2
V2l1rcUUl3VsRmbvIWuaazcBMF12_cough-shallow,1
0VpjgRGE5kR8uTEhksBgvFR3xlA2_cough-shallow,2
kOBN8dMQckbYR0PtSZAxOciIcY62_cough-shallow,2
VQVtmKC3HwVHbY1xMTued5OOP4E2_cough-shallow,2
pGxub66GjDdAaJDd95hGHo3BcnJ3_cough-shallow,2
HHXDoqaHN1QbtSZkgu37f38RGqh1_cough-shallow,2
kiduiciSl7YBDAK9XuvaRizJUnU2_cough-shallow,2
iukMZ50a9COYLA8Rc1l3ejRdhT92_cough-shallow,2
huZjiHT43maN3OQ8DAwgYImatr92_cough-shallow,2
C7Km0KttQRMMM6UoyocajfgZAOB3_cough-shallow,2
6MOH79fX0ReMHLdJCA5W9ZFBYn42_cough-shallow,2
5Lln9rjGG3RqbQ1bo0SzlkB0vxq2_cough-shallow,2
6YaTXgSnexec5CPOQg0EboLqnJJ2_cough-shallow,1
6qGIqJ2gx2h8BJRLD5YJE9zhiRG3_cough-shallow,2
19VBCVaFPcWROz6wWui9G9IU9K12_cough-shallow,1
ZcKPQiZXR4Q0SXU9r7ZkWuQGmd52_cough-shallow,1
Dj0W2BYly4ZgQCCyCznEhLH5sYG2_cough-shallow,1
V0Wtp76p8QaDtvEnAsgSimyMspH3_cough-shallow,2
qtAMbhJqxAaVBZCt7rT5IkUtWGi2_cough-shallow,2
TyKZXsSHoMO2h8aqmLNlpaU2FZ72_cough-shallow,2
YdfYHpfmDMOnsxTHmUESvpgqg612_cough-shallow,2
22oBvWaWwBhbdNfWoshbse1qZ4q2_cough-shallow,2
mh19KvxVPfMXJ823tZzidOF1Wwn2_cough-shallow,2
yJRZfiFIsQhFptP6nnlJp825AHF2_cough-shallow,2
KfOIJCkbgjUKy9vbOXdcaGMO46C2_cough-shallow,2
p4caw19QwZOW16e0wVjZD34Nlkv2_cough-shallow,2
hkALlH5TJ9Pj4tbOCoXyVPtOIBf1_cough-shallow,2
YNkZcKCX0mOhKIUO2VRQQd63ydn1_cough-shallow,2
s9pMRe4F46aJf8Jg9SvLfJoxgg93_cough-shallow,2
JIafPire6JYhDR73srLG2xmrdJk1_cough-shallow,2
T02pBwp6UGagCMICnB4oiElAWUP2_cough-shallow,2
X2oCYyUk9HQsz8UHY03sxnrCXGF3_cough-shallow,2
uZjB5Oxr9zS4xZn8rq5ubyAp17A2_cough-shallow,2
xFzTujSkizdGzHg8fPWeETDDG5R2_cough-shallow,2
UxRRwXJtdjRZI4pgQcHHURVa33n2_cough-shallow,1
fXT3tXtSwYRqFf2V66ND3RpMash1_cough-shallow,2
E3WOlLhxnnXVcE0KOFvydjAPmKH2_cough-shallow,2
LyyyoHyVVygA9sFTiv5SWaaUR2E3_cough-shallow,2
Jz4Ct4GvrVPZUJlPOL7htkozn4v2_cough-shallow,2
shKIgOZPRZWiewJ3vr9gCkx9ebw1_cough-shallow,2
mUOw8WF8tVRdTbbulKTxtqRjTXs1_cough-shallow,2
jvrGsRzHKEU4izNgLFGitM7AZVK2_cough-shallow,2
yeo7HwJ5Dcbqc4ozwv6az8iRVTJ3_cough-shallow,2
ReILZl8aPPQXHUYQzD2AUzuEF2w2_cough-shallow,2
IQJWFucM7GbQ00iw3lt2UvBFzaW2_cough-shallow,2
LG9JXKoSkeN9IHceg9xruqw1yt23_cough-shallow,2
ajjbkAkwKDMcEEsiPxXiug5F8v03_cough-shallow,2
AwzhLro3l6Wa5kPJyzyB6BNgVqN2_cough-shallow,2
OLMx2P1UahSgkhGyN5zLHZsXMo02_cough-shallow,2
KTaxfghl8TeziY3aZmaNxNFmUqj1_cough-shallow,0
y0TkG5sfyhadW3VSct50RTl3HN02_cough-shallow,0
xYCukI9rgMeslwjIYWheFtyZ6zk1_cough-shallow,2
OL4W8fQRM8POiI9lasCM9tgHUvG2_cough-shallow,1
Tvdak0zflIVWdvWsNj7l9Ur0k3m1_cough-shallow,2
31euepHD0deCxTd2nJ1wzXCk5EF3_cough-shallow,2
SCsTjixqXmWvyjniXtg7Pv54Amw2_cough-shallow,2
xh2LPx4DZNXX3hdsmHa7Lk41fPJ3_cough-shallow,2
KcO2p01LdYga7563y95BkKII9Dh1_cough-shallow,2
JcXAvo6g3GYZOJe6VnzkeqH0OmS2_cough-shallow,2
yZtohTVxlSauCUNuIIEUcdIA2TJ3_cough-shallow,2
RUZ93kkyD0hJ1v7awXutr6RgF943_cough-shallow,2
V4vtnfRZS8bjKjuR7KVyYnJQXw32_cough-shallow,2
vSVws79jhxXr1iQrtbvhchHaHCE3_cough-shallow,2
oeOuvTlUMEfWPcNOA4EnTk5Bh4K2_cough-shallow,2
pBBuvcoBj7hjmNVYFICT4hQYRGw1_cough-shallow,0
ptuwF1pj4ibIoVuZmt4nKb5naiZ2_cough-shallow,2
nCejocB61DU95Gz2gEcPeH0N2pm1_cough-shallow,2
Cd7fkliPM2ZUM1skytvoU2vD8jK2_cough-shallow,2
46bIeJk9J8XrD4ND2IPRMQzjJBt2_cough-shallow,0
MF5f99sONpcYl5fYsVzh32XwSmm2_cough-shallow,1
nQzxtyMOM3bSn98zqwBe9C7r7MI2_cough-shallow,2
vn3xkK3lIdViBCa9kMj8LDOy9yV2_cough-shallow,2
tLK9Z6BpfWVDFV7DQKMnEy0Woo22_cough-shallow,2
YqPKZEEwQ6N51vs5ztJn2a1nVBN2_cough-shallow,2
hLVaY0Dox1bLCTAqoq0wKKOqBjc2_cough-shallow,2
zBiORuLmvGhOciaUXFeAKRhMyhj2_cough-shallow,2
AVuwckF8igNbIhGwa7Ly8nxvIAi2_cough-shallow,0
pQIRKYbiQ3ZHhnVt8CV73OvmBUU2_cough-shallow,2
az5zELVN7ObicxGrBLMoX8ki1LF2_cough-shallow,2
C1h80BY2J5eZgP3UMb4PTJXyKWy2_cough-shallow,2
op1WefhMk4PWXOP5mzMctzOWM3x1_cough-shallow,2
euld60aqc2OtnNoKYx9P4WDzVM92_cough-shallow,2
j9H4jHAjVPbnLqoO83jZVAtZ5ep2_cough-shallow,2
s1x2Ze9iVZNf6oFZDAZ4S9x3Cky2_cough-shallow,2
56HPUhHPM9UEksAVgCDbQZcxsuZ2_cough-shallow,2
nsKPMVQ77PdvSk4XO3Ri21f1YeH2_cough-shallow,2
OUFazbHbbtRTQcRP5BWBKzeZpvw1_cough-shallow,2
UlWhFB6lKfNxNLL74wLNe7bjM4H3_cough-shallow,0
A31HJzr8ryMTgwJihXSI9PCot4j1_cough-shallow,0
JuzR5zpE9HU3NsFabIcz4Kkp0Ag1_cough-shallow,2
pvX8fr2fMcebtfWq2wXqyIp56PL2_cough-shallow,2
IFMid2LmeCTSQAFaL8wTSUg20No2_cough-shallow,2
aHJPsm6esHeW5apkd8KAFdia9zj2_cough-shallow,2
HYGtUoMDukOlfkkQ7rgRPhuKorA3_cough-shallow,2
gcBPC2UzklTmymsRwuBcQlCsb7k2_cough-shallow,2
IkdWn0v3dAU9eWzsf3rY8Dwgf0V2_cough-shallow,2
DCTTU4q664ROLrpqFatjOKllp9i1_cough-shallow,0
DGWrVMD5yZc5jcjMzblC4kaBLmK2_cough-shallow,2
bjLKJTRQudYoV82mLEiCmc2lyXz1_cough-shallow,2
OSva8KJZQuZDquBrWQRFdEOtKFc2_cough-shallow,2
owZvvdKAOXPqHD3yXUpkORYsV0H3_cough-shallow,2
W673kSjviTeaeIVpuLAtv9up4s72_cough-shallow,2
BTq6ZzkM2pdcUmgtOHVP4GG5wvZ2_cough-shallow,2
VDhr3WpGrNSi0eWqpTtfZdvUC3N2_cough-shallow,2
CkDhDGNX3iWEqDFJZXn9FrxPxYF3_cough-shallow,2
kB7J1mRmiPbjIVTAgovzFwP5nQm1_cough-shallow,2
myAv7VQZySPhI599FSTraHN0vtH3_cough-shallow,2
b7mMUQm5bObj1jwGFaNyaR07pt83_cough-shallow,2
padi9FFWGYfPABEtWBwLQqf952s1_cough-shallow,1
vqIREUmn5CMqyrMHxlLVmcuN5qW2_cough-shallow,2
Kbvj1H92OLaeQy0YWHkPGvaH0hw2_cough-shallow,0
ffyNrzu5ZGXrZ0I7MbxBwqbtIln1_cough-shallow,2
pVh5tOiOZHgxAWt7lBUe6pAtfEg2_cough-shallow,2
7IeLM4Wp0tOmjNfel0c9yK9gYVV2_cough-shallow,2
zUAc2drprdaJAE0h1XpQyk01iE22_cough-shallow,2
Q82KnSDEDTc0w7CDj1fSBntRTyg1_cough-shallow,2
6C9hfSrutjdxeM13Vdjb7Om3zez2_cough-shallow,2
hVZQcrz6cfaOMfL3jpRqJBUiumF2_cough-shallow,2
KFQ0ksPwkDcLUUjbVBYWGWr9ei62_cough-shallow,2
nC130uADRFZF5vae8qZt2qmpbpi1_cough-shallow,2
uwgjET5xm8NHkfQt7LsUpV0xC1W2_cough-shallow,0
0KSi2atlmsXNcGMfpDNzIjJSvC23_cough-shallow,2
B0biFhyqjzNmtEjWHSH9lQYBB2c2_cough-shallow,2
oPLTYiEHMFTuruwTXpbRPnlz2mr1_cough-shallow,2
8PvWScAB6UbnfrkQrpbqLpu7O0z1_cough-shallow,2
4qLi2eWkYGasKhmmPPiyFAGUqBr2_cough-shallow,2
BZHvK60v1LY9cBfLvYkBkJxdfNz2_cough-shallow,2
0RHdUsu2qFMmG4dhpJd1NqM5ZTC2_cough-shallow,2
XFlqN1sDBKNXyuORhVagkJnr5V33_cough-shallow,2
ql3kCRgabMZdkQabRLQNwJGLpwe2_cough-shallow,2
yI90OQafcNSI5Hcgsil9iEifx1R2_cough-shallow,2
CdU4pgCdFcZxtDHTpLUn1mO9J3o2_cough-shallow,0
2vH4QMrMaMMm5oZYScY0b36Z8MC3_cough-shallow,2
sCqJBGNT5AhdqxZD0AuJPbbhJ4k2_cough-shallow,2
uKNcZUbxcoVEtx2loiRvJEAhPEj1_cough-shallow,2
BDygu23lyUbBq2NlqfzRxGoMm9B2_cough-shallow,2
TULtUREj7OY9m91BqV1hqSeuwYf2_cough-shallow,2
VXCvsGinvzPFVkLNlvJFw7z9G8j1_cough-shallow,2
RY495l51qRPkLQxPMtN65Fkzcbw1_cough-shallow,2
vQA8WvDgUxM5wRLMuY92tqJCZgT2_cough-shallow,2
G8f3XmmcaXb2ZZ2ov4Z5r2vOLaK2_cough-shallow,2
g2CeKxcydaSeP7WB3qIWjB8ZW8o1_cough-shallow,2
5DKkP9ZkD0MvFcWNlDlAF5cBuFh1_cough-shallow,2
kBFDtvAVY9QYbi7YHYgd7tNpsWx1_cough-shallow,2
XzIjEtRHHPci6Zq0zb9Lx0d6zEr2_cough-shallow,2
wXChdMlWemXwRdX642WnX6JbYfA2_cough-shallow,2
59dIvwH1JDU9pHbH1rc3FoVlJWl1_cough-shallow,2
TaoyZAahOzRoDQRxb0DtDZh8Opa2_cough-shallow,2
fuCq7eA5CPYcnRpJqc0hFSr8klr2_cough-shallow,0
05acPS4aRGfvuOfku11Za8zve8i2_cough-shallow,2
5q8gLM0yCrgGCT8F9fWlH4ycl1D3_cough-shallow,0
DmKc9V8ZeqQBMqOaGMDZ3mvRIY13_cough-shallow,2
dWeafY7aXUadwWiTVJinx7sftGl2_cough-shallow,2
65JopCV7ExeP1scqYfg8nP5KjKy2_cough-shallow,0
9LCBZHRlg3Nk6NMZHu7AZJ9Rju53_cough-shallow,2
YRiIODBG3RXPbDttwztMhsXg1rv2_cough-shallow,2
iYM9uJMyO1UoXTo1tc7rXvsI4bm1_cough-shallow,0
aNOpaVGqF7PiG5n1ln5B1VJnmCO2_cough-shallow,0
FIgw7gymskPu3RGgk3Q6GeSH7yB3_cough-shallow,2
YHHZYBxPHsUWYITjtMRAixs3DX42_cough-shallow,2
G5kUP2QOpVSyjK6Q9rzblmTU9vW2_cough-shallow,2
Y635Ri3QFMcOKC0ckXgW2r0xJ422_cough-shallow,2
WNCUJW2QH9fEcsSUztikS1Zvoyn1_cough-shallow,2
2suYua5dbdh2cSreNFm8flktMEc2_cough-shallow,2
xuXF9GD5zhWX6SqjzWsrUWvevhh2_cough-shallow,2
20fmUqvUKmhKFgj9U6zVLyjNeAu2_cough-shallow,2
aU8pLZV1OUQJV0GKeeIlgWhYWeA2_cough-shallow,0
Fx2gbIoPlJXrK5OD8FMeepOGlLa2_cough-shallow,2
Za0aCHrh7pcZrQI3Qg5JiSOl3o42_cough-shallow,2
BNraT7TUj1ZHWnxzh3eVOM2CwIm1_cough-shallow,2
IG629UPMI0SQe0tpOKcTKCnQYr82_cough-shallow,2
m6UxfLHv0nWKNqMZP2uNiGzXgKh2_cough-shallow,2
VLrOagtGVFYxWiEnMVFn1BnSWHM2_cough-shallow,0
ZzKpUtFGzsVEK7E1wsVGRftKdx93_cough-shallow,2
HwUhcAKwJIeckUi86cbzb3sTr5m2_cough-shallow,0
0zUxdfS5aoS6SiEoF1x6JXOk25B3_cough-shallow,2
Fi2lLmV3LHR5brvXs0z1JSKDvnI2_cough-shallow,2
1e8i6Q47ewbzrTiKqIeOLEvPv2Z2_cough-shallow,2
Axei3vO2YcQM56PrwqmMF40A6aG3_cough-shallow,1
bH6WQVvClVRDer6iOFvaGiz0luf1_cough-shallow,2
k0uQAYNhiUZvHePzPoWE9wUfBNk2_cough-shallow,2
jppvqUD1X3VH39cGDRRlmhj4wu12_cough-shallow,1
40NRJEGpU9Vg2IFXcuqCQLiKLVz1_cough-shallow,2
LziLApJbcWWu3MzbIL8k6mLdyFK2_cough-shallow,2
yZuoG6z3pRfycT6JKqwqKDMj4tM2_cough-shallow,0
NRG3cVOEhsTaVQeeNG60tBv247Z2_cough-shallow,2
01OCEf1yB4czsq8ygRoT51s96Ba2_cough-shallow,2
9Wkd6QJdpBNEosMpzYhFwZjBJX92_cough-shallow,2
8J17ZUDTdXfN5NYwjjp1ANcRqbJ2_cough-shallow,1
gpcoorcyfuXQZxcUFTxthUKOua03_cough-shallow,2
8fdUOI5UtkZBCVFXNT1a4hl3rX33_cough-shallow,1
9TA7dm7qVygA0rTNGmNJOlofvtP2_cough-shallow,2
t6twqoKKSMOJdmehEj2gbVo6Lao2_cough-shallow,2
6BT19A6gAlNjbtbe3EdgKQc4kkH3_cough-shallow,2
lVHnQ9UNkAYmjNm7wL885LzpsOk2_cough-shallow,2
85iNcV2z6MNT3FrygbEC4fuGrIu1_cough-shallow,2
k9c8ik6XlhbYFnHoXHqyDIQ5axe2_cough-shallow,2
6mCAHbyEebbEDkxHxOqihoJRkX83_cough-shallow,2
IQSMEGOrc3XegUpIARWm07D2K2a2_cough-shallow,2
T190nKNqKoPk02FHlHYJTBDUnPA2_cough-shallow,1
oNVwfrIb63g5zB4jsaduCjuufPo1_cough-shallow,2
CGGk5Y7thvXSCYhDX0e4yPN7g5R2_cough-shallow,2
REREbF9ZKUd33adQOFDQXSYK3SI3_cough-shallow,2
UhYCvhOCn2erbzJc5faN4ek3D1I2_cough-shallow,2
xsGViRLscNeryc3TyMt1eqmOt0C2_cough-shallow,2
tFXAov3QpbTvPL6gzCSwAsTSFT93_cough-shallow,2
WscnqzOzFwUvHbl7MKfRcioUI9t1_cough-shallow,2
xRTpzeZwMiQaC5YCnlXZeDwgcvL2_cough-shallow,2
BoCrMaxD7DVdo0nXNl14zk8ycR52_cough-shallow,2
S0ZhYGoCVfXWMHzPGZ41PvHYiw12_cough-shallow,0
xrVSOYVRn2RTVm7arbPJztWNCoI3_cough-shallow,2
cf4RgKotFbYPn2HsLdxHyiChY3I2_cough-shallow,2
uHyBfROrEHMS9M9ukCOB7sCNH9I2_cough-shallow,2
3FD9salx6KQf114qJSSvW74Ffi63_cough-shallow,2
9qFHoE68V7RDn79M2QtChoCpiGo2_cough-shallow,2
76N4aFIJXScxI1iHeSsihGmRKnv1_cough-shallow,2
mWomPz26WCRVi8sp1QneGAvTBL72_cough-shallow,2
kgjTguvo3vZJTO7F1qO9GxEicbA3_cough-shallow,0
cenBFTi9bYhzTeEIyN8YuQzFb3R2_cough-shallow,1
5AL2X1GP3aVAAMeMPnvxOCNAQlA2_cough-shallow,2
ddjJ6wgPMRXzqByVDrLeTEVPzF32_cough-shallow,2
IwdtdPMreWTA8nzpEkgfkGWZTTm1_cough-shallow,2
M3mk9u8tIBUCavOhsxcGej5s9Vg2_cough-shallow,2
pvLLeiltxePL7csr2rkLJ8fD0gc2_cough-shallow,0
BNbiq1U3xWVT44hg7Bl0f8SWjbt2_cough-shallow,2
LtqbA3mrmKN4wsTG0sEoPl6fAfB2_cough-shallow,2
6tVIf27diWR1deIqd3HGXxR6tlC3_cough-shallow,2
ResMUOUcy2MrsL3bksITWifqla52_cough-shallow,2
cUmQfhZCLYML6b9ETc7qJAKXv1G3_cough-shallow,2
esVDCnpv7ChUwuJMmzxAItbB3km1_cough-shallow,2
P1FePApIBQedglthtDiBvs3G84M2_cough-shallow,2
Ww58ucOI9ofTXq34sGGDQmx7Qwk1_cough-shallow,2
05bieNLXPuaIWEVaX81EkbbjVrh1_cough-shallow,2
byVsWVHvkgc9Pkf4lUPOGSdZ0Vl2_cough-shallow,2
ePaI9geAOLYTcCjN0bI0vvbHAyR2_cough-shallow,2
a86P7j0ZQccywZYCvzsunFdDRaV2_cough-shallow,2
ekXeaNBZYgZvh7mpGGwDQR4Jlwv2_cough-shallow,2
I11YsKcNytZ27XLyt5yKhxMyLZV2_cough-shallow,2
Zb2Inq1UVhcMnWA41GpKyRdF4z62_cough-shallow,2
Lz3Pu5AOFbQLTA8cIqRAmjPy8qw1_cough-shallow,1
IDotbUiFVpel1SpaktjKZftIVYx2_cough-shallow,2
j31umQI0FpRQTOBIkTlKlGlPhF03_cough-shallow,2
ZfgCPP4WpOP78cBnZ39az9sb0F82_cough-shallow,2
9rRdrR81MVgC0ITeAwOYyqj8ju43_cough-shallow,1
yTBcpP8fONc1QpKYqlaQDyo5DYy2_cough-shallow,2
6Or8DONUwObeo4MH2Sbtx7JTVNU2_cough-shallow,2
ecy0t93dh8TS3yPI4YJZDSuDFAi2_cough-shallow,2
O4l1a5TWsdgLlW9cECz5PnWX6UP2_cough-shallow,2
fNZ3MnqiGRQlpOptmB2S09fDdYi1_cough-shallow,2
4U5fWjzYiROaFxurdK2BCMt2IIg2_cough-shallow,2
4ck5XZzCx0XBkREVkHGzpAi1aSk1_cough-shallow,2
38kz9bimrcUUgifY8S27MVR89eN2_cough-shallow,2
QLfHliTV2YMbuC5y06vcclyWdEF2_cough-shallow,2
r3sBhLDneedRBXKLvZU0PL2Q4R82_cough-shallow,2
JJAEXqn68kVaaOsFjX7n5Qehaws1_cough-shallow,2
r5SHRp49MiOtkuPzoLHbDiVphkB3_cough-shallow,2
AAFe8wVTf8Op4UTlq1QJmCyBdK33_cough-shallow,2
jQFi8kfYopW0gwFKCV1UnV2d7Oj1_cough-shallow,2
c0qg1BdEVyNXI9Uq7fxJtBjy8dq2_cough-shallow,1
CEn02KlCBsUgUqUmf5BfUgaITG33_cough-shallow,2
ZaeW7vuikQgf7984JVqXYOtUQMs2_cough-shallow,2
symIMnhx0SXZB11UPJXEWP4pTbO2_cough-shallow,2
5P3EfdsLvKSOquCjSeutXLqqJKL2_cough-shallow,1
Zs7tQ487P7hws3ur1TG53aiF0eC2_cough-shallow,2
zw0pYfsZxDShQGV2HTuont8wU8V2_cough-shallow,2
dZ2k6FfuAlQfa5ldpdDqMV6q7FT2_cough-shallow,2
YvhPqG9MqhbjHErOmOctaNdVdJZ2_cough-shallow,2
foENi3P7alPC0yTEcDMIJEPFm4E2_cough-shallow,2
zDGjm6ARbgVsIDCGpaHyHrArImr2_cough-shallow,2
1xhe0J87pIMJlB7TdQDwUTpHMKr1_cough-shallow,2
AQTaxycYpIWSoPUFSEUiFlqgenu2_cough-shallow,2
yWWeEGFFbQV2s7QqXUQjSrdp6573_cough-shallow,2
PNSX8UstjlY1mxA69mrklK5N2i32_cough-shallow,2
zVkoMlwOqwXzjsgyGs99OoU10J92_cough-shallow,2
0kQAWAGJHffg9kZhji65QkUaEvx1_cough-shallow,2
8FuQrkCbCLRO2og45NDF5RprBPC2_cough-shallow,2
AaGldp1blyVKOPpV1KVhsPhrmAg1_cough-shallow,2
iKztabb0gWfeagEyYuU3US36u9b2_cough-shallow,2
5GwKvWfqLdU0p5udswzjmoFLEhr2_cough-shallow,2
VtRlegQfrDTPW4WxmoW3iJPzedQ2_cough-shallow,2
gXkNMIy5J4VwXV2ZxAAObvb7S3Q2_cough-shallow,2
eqtebymPdFfBCm8B85n5oSR7Gja2_cough-shallow,2
rg1FkHLDwXfx10ktwWfAoMdcZ9v1_cough-shallow,2
dk845iIpzubUAv2YuoWHaWTLRAv2_cough-shallow,2
mvUyFeIK2CSh8vtYDviTKeSQuZ62_cough-shallow,2
EucWZQ2KbbQ74NhWqnrUEuS7pU53_cough-shallow,2
Z6qimRi4c2NDdPHsocMRk9IlgdH2_cough-shallow,2
yvMM52GM1jSK5kA1CRX6hSFt5ON2_cough-shallow,2
D31ydMgq8wMpO9OOGwxpMfOp9qg1_cough-shallow,2
466aPruIIbOEG3V1IaKzu5O8kun2_cough-shallow,2
KySjVqQmk0evZBDzxtR59YHuV222_cough-shallow,2
n8WR98Nf2WMncTf0mEVL8lPCnp12_cough-shallow,2
VFeVSfoV7pM9kzFjHMA0R4rs3XB2_cough-shallow,2
dvRr97gwv7Y34YqaccErnWcYRY53_cough-shallow,2
w7pdOIUnHPRfYLXVVRtIRsOjGnr2_cough-shallow,2
Qt3Wy5zDjYfrcZtylWX0sh5niMa2_cough-shallow,2
WyCgdIfGzxXRPeimIoqiPVysAHB2_cough-shallow,2
dmZsPx4whFbTWD54PHQifpUZ60i2_cough-shallow,2
zPFIJ3JDo7P5qIIdKvELq76kYi02_cough-shallow,2
cpkq5jRCUDOvtB7vROcz6LuOAzr2_cough-shallow,2
M43FaHpw1ScIi97eG6LBx2fBaJ92_cough-shallow,2
L9QbDvX4UtMhFOsYuh2aamY3VK23_cough-shallow,2
7J57fRRIEENoMhm7xRL7HNxh7Xy2_cough-shallow,2
xVC8kMuWNme6VSFOvNVT0j21Qw12_cough-shallow,2
mmg71cttF0ez7wdeTZeCVFw7GV32_cough-shallow,2
NRG2CtRi4KdGF8XvpvD5X0DJo2h1_cough-shallow,0
R9EJURFbJjRNEl9lmQZw1gfs08J3_cough-shallow,2
HNQHvssRu1QD9oJKikpEcT8ENjX2_cough-shallow,2
7arBtLdzGeW8oCN0DXhI6dqqUdP2_cough-shallow,2
joORHxc0iCTwgP7Uh5SM5N7rnnf2_cough-shallow,2
bixijc4LCCRqES9K306RjUCIHsJ2_cough-shallow,2
1G9prDQSP1fpNL0yc7C6Rqy7jmK2_cough-shallow,2
z2ormj7bF7Zkgibaf97vOCUqrm62_cough-shallow,2
KVKLfU8zZ1MEywuVYflH2KYOHr52_cough-shallow,2
FYqsLjb8gjOLhrB64aWUc53KVVf2_cough-shallow,2
9CUhQAT3U5YhxXmqkw01co7jVOU2_cough-shallow,2
MjbZoe5Xl6gQAFFZAjORLjIZoC93_cough-shallow,2
CDJLmx0CWdNRiAvgFwn2aHonth43_cough-shallow,2
YLjbjcoMy1bCh25iChGjXXTc8RK2_cough-shallow,0
tZ4S3CC8pvNc72VYadUYndOUlCE3_cough-shallow,2
EJSbChF4LfPisqLxlUqiwYU7zy83_cough-shallow,2
j4xItLU4BzcKshmihayCM0pTooH3_cough-shallow,2
f3NCnb7N1qS2qraT8fdnW7BVVCm1_cough-shallow,2
m1s2RQ1f2LaqD6o9RArZkiDGoFr1_cough-shallow,2
asYD2xAnKuTdSZPIYo242wrgKVD3_cough-shallow,1
elSiVyo2V3USxFXNuExlbh9hrNm1_cough-shallow,2
t0UxwxXhJxX6jA1bJNTQYjOWeQj1_cough-shallow,2
ZThKb36K24N2UGu9fRqjlpp27da2_cough-shallow,2
QKnsqWkOf6Tv9O1kze0qEHpvI2T2_cough-shallow,2
MKb4BFUuYAZfOtzGlAz1UwNzo6R2_cough-shallow,2
eTJRhMtqLcO1Q8rLtaIsALyTOyC3_cough-shallow,2
6WQPyHp9AZThZUTD1Z2rOXv3d5R2_cough-shallow,2
fja76ZsTgfPWoDCUcwnRLI5XrLZ2_cough-shallow,2
1swHxN9xPFUu90g29z2RMCxG3oJ2_cough-shallow,2
zzh7tK9CrZacOddJTG9YQwCZz4f2_cough-shallow,2
zOmz0TaNdmQfF2jUFkqUKuNa80m1_cough-shallow,2
KNoT33BrSIfmsHryE9UR2TgfDew1_cough-shallow,2
rb0viHBCj1fiEgWX34QcL3Zv8B02_cough-shallow,2
gH4tLBmPiFWp96S6j3z0wjKYhab2_cough-shallow,2
FNYflY4qOecrSQOzynZ1WDQZfCJ3_cough-shallow,2
9zO8MvWYvBMLy2y2rRFKRHb9A1r1_cough-shallow,2
m9MMgToUSXV8Z3BhCJF2PGOZCMS2_cough-shallow,2
OpvwYQFOschINBVkxBVeKgC0FeJ3_cough-shallow,2
Fohk6SJxcJVo4rtuGD6PMwJ9qTQ2_cough-shallow,2
yQoN4YK60acISpPHhXR5YQKM9mm2_cough-shallow,2
F2sQBi45ZdZMn8gQdcQB5wklMct2_cough-shallow,0
BAMibuHkXaNr3JNc0Cvbu3kdSIp1_cough-shallow,1
7MWN4jSmv3QD2sRi12K1BNjmct83_cough-shallow,2
A1tmg4RT7Mekg8LKxGC2agpfmdi1_cough-shallow,2
6wlO9IzJRZZ3tp02z0La8JCAU8Z2_cough-shallow,2
oWBd1blxbTefqPydUAes1xlr5VJ2_cough-shallow,2
1kXfAOTvLBbCCcTBJOrHUFzARSo1_cough-shallow,2
3CMQ3nCRdaU5K8pfUiqOpzUgQRz2_cough-shallow,2
7GWUfrhqMCWAotCUbROzgawkCh82_cough-shallow,2
6WVdsp5LDLRRfYrfiR4BU2G6wve2_cough-shallow,2
iu13CF47sRTOnPlhkzTszNkqAZ83_cough-shallow,2
fYjYHeLgCOUf5m1f8EAgGDol5G73_cough-shallow,0
9JhZlp6ebpZYjnKlK2NTZTihDme2_cough-shallow,2
YR33hHou5PgrLYv2L1mLzHE4na12_cough-shallow,2
fAJb4UlkROgJdxoF8hKZao5rrmt1_cough-shallow,2
HaeKJrHeBqgwClDs0LHG7oT6fHs1_cough-shallow,2
GuL97vIwJgQudwa7mdoEh33JZnr1_cough-shallow,2
RfrT8p9208NHn3170qOYmxel8Kw2_cough-shallow,2
RNnxsLNUWPeqrfpPcDb4b903fpj2_cough-shallow,2
ZiwS2q40gsX5X7pMp0y30PUFpE93_cough-shallow,2
Ms3fiiaGeta2PNzjXEE3iMBmh1h1_cough-shallow,1
HqILRgOnPoYTBOwV923xNysDhA82_cough-shallow,2
7DfMFXPDu3W2Fxjs8w0OsLIY8em1_cough-shallow,2
UTqsNsZQCThhJduOChbctH76Avj2_cough-shallow,2
Fuj8ConlkeNoRot2tyMMyzYCKfo2_cough-shallow,2
yS7pj7vgWyMU5nqgYXglXiTcW9A2_cough-shallow,2
f4wYeTyCImQ0BQiwBOlScS9C2H03_cough-shallow,2
tpCCClZhHxXqu31XbOhexT55KdP2_cough-shallow,2
QjBZv868nydJzk0ZzwgKDHSG6Q82_cough-shallow,2
dtV4ZlnWakRFGKpIfiUqdu3q6iq1_cough-shallow,2
mLARvz7XxoODpubk3Q53K562JVf2_cough-shallow,2
VB3X18XtrRdSVJ8zDzdyKohlX2F2_cough-shallow,2
llSmz39DbNfSYZ1M4c8zytC4W0r1_cough-shallow,2
5BUKA0nZq1SKXR5iRMDNQ4xKxvi1_cough-shallow,2
v8s9qaC0OZbY4OXHQBR5Nb0juq52_cough-shallow,2
odZaQSfT6QRKhAhPRikjU7y7L9Q2_cough-shallow,2
xMOI1306iZMtFQ5FCNcYraYUSDA3_cough-shallow,2
jaRfWYxsWjV2L833wIIyuivEWFG3_cough-shallow,2
0c00ybTdnIRUTXeg20bZjJOzhKv1_cough-shallow,2
nlKBKSlza3VwbasF1voiECoUs6d2_cough-shallow,2
kJgNi53JN1OeAn5d9BwbUrvUjf43_cough-shallow,0
Z7ZMrrVuJKSK1JEfLQjxGXI1VTq1_cough-shallow,2
5ohNPSLiNWRs1vvHxKBj9odGFXl1_cough-shallow,1
stnT0xsBXhb159fZrbzN9kwAKvF2_cough-shallow,2
w1JLuqfRlwcQjnvBRZgdSo89zoz2_cough-shallow,2
YPqxeCMKNuMVhEg9xQPA4hD8dQC2_cough-shallow,2
x8PvE190nSZUtv8raWxfg76ek6p2_cough-shallow,0
3CwioNQVDBQ6CttLyFVRJpMpVHk2_cough-shallow,0
Z5Y8ewskqQWeyIFkqRKuwGz9fCv1_cough-shallow,2
NatLK4N2EkhPwEQoxz59taEL3B32_cough-shallow,1
sW80fLKGSiXcPBKFwnwRaaRdPKX2_cough-shallow,2
7PIIt8R3JWVfSFURfFyRR5ufM243_cough-shallow,2
JxSb6sEnk0RC9NPyET9sCpJ3OqN2_cough-shallow,2
X2CDAl47UaUtiS9UGq7Yn0NTOLu2_cough-shallow,2
5Gn8GDorBDaV9s4JhzMpppc3I3j1_cough-shallow,2
P5mI5OKQZ3WbFo8FkU7VuvAwUwz2_cough-shallow,2
AHHrquikw8db8IuCsKUXqunYJz73_cough-shallow,2
nFYEOudV6AXO7kSQU7mjyezJXUw2_cough-shallow,2
lzB1CcCk33VjfRiW9vbXkplPO0r1_cough-shallow,2
k73r7MJLJyav5AF6DJS6LFQnvn82_cough-shallow,2
gFfiG6fg9dgWt96aPPuIdtFAYc53_cough-shallow,2
J5QGEKLK87d2dASH0umWBDzJ12P2_cough-shallow,2
YgKJK1UxM6NMjfugUnV4mi50d732_cough-shallow,2
yBJ20a3np3a8FHUUVUnXslUoX4f1_cough-shallow,2
Y5eS0NFkNCPdRy7EFiTvm5QJ4qO2_cough-shallow,2
IA47R6m1qMbEqlv31Gf5sjN91cA2_cough-shallow,2
aJDwaJhhehbgKgHpYaP0sng5rcn2_cough-shallow,2
dKlVA3KkdDMiaYmW6KGRlFflMh23_cough-shallow,2
iECdjKjowNVh89DwO6HqoRnaDtY2_cough-shallow,2
B4zHaFYEkYfCKyKRsjNjme1hwjk2_cough-shallow,1
2zDWjtjSxeUuy2or5XThZNSzvwO2_cough-shallow,2
AbtlW73g2HUScOPZZQYMD7jRlkX2_cough-shallow,2
c8fyZREWSdfus5ISad0LwnMAUcQ2_cough-shallow,2
s3gFlexwXGaT6sBmU6g82B6Zczh2_cough-shallow,2
HN3yAvicf4RTVGb6l0PjM41iBAn2_cough-shallow,2
8nVQh7sxmWTMdHOSFZRgCSbwFCl2_cough-shallow,2
H3sxaOqiOSgbKWig7NdWEPgrm6f2_cough-shallow,2
MeUiOR3KHJOGkU0rpWsA5oiBt672_cough-shallow,2
Gs2gwBq34aMMglNC9jqGHS3ZzIs1_cough-shallow,2
cSBabP68WbPG0xQs8NnlgtVw5R42_cough-shallow,2
RFqBDNt9sLR9PxvBliE1JhFVzK42_cough-shallow,2
48PWPg1zZZS9UbuHspwNMsiOfep1_cough-shallow,2
pBB2aZFbLCMky5VPRAoWIClKN2Y2_cough-shallow,2
uHPhyLsj5eYghJQOYj7iXa0fyOE3_cough-shallow,2
KmMFugVd4Pa4fZW9FqWFcHBVovf2_cough-shallow,2
aLeBZp6qmVVooQsTvP1ptnQk9IS2_cough-shallow,2
ETcnGsA5gNUC1t3cXJY6KXLvF7W2_cough-shallow,2
RP28VzHbG0crJB2RnboqUaM9SRm1_cough-shallow,2
Ruz6RW2jXUVDXkYX7GsYC3hzagn1_cough-shallow,2
awro2Lz4F9SgVweiUzROf1IE8GK2_cough-shallow,2
LGiTXwr1u8YlLpxd1nvTlhGCZJn2_cough-shallow,2
qZEBUZAYCHhWEWXUeOGrLFhaZCW2_cough-shallow,2
IkwAlxsvmhXfpi9seBDU6rksY7C2_cough-shallow,2
h3Bw7lc9NfapT3IJkwjIuRI9yfa2_cough-shallow,0
LyCZNUHMdqQtXwEox0mUHngB1Gx1_cough-shallow,2
3kUDnCX53IYe2LGsEDHwuXE8bWP2_cough-shallow,2
4FJNm8IlWySNOgF0Jyyvw6beLxF2_cough-shallow,1
NqXT0llYhqhv9usc7uEPUKfonRD2_cough-shallow,2
C7Q6zEVYAZR7yC0DeDQVIYqfWCi2_cough-shallow,2
8e6tYVdZj2btq3rYpi9zsy5VujF3_cough-shallow,1
3Vqysidm4ihlWFBQPErMAClnMbu2_cough-shallow,2
6pXKrZlDycStXTNMBjGXtxxYfvc2_cough-shallow,2
wfC9G2gEocPkwkqAtaGxZDbK4oF2_cough-shallow,2
BHFxu6LIoWfHOaN9fXmkO5xBXyz2_cough-shallow,1
JQyIFoDDO1fwOuEH0GaOFskQ90q1_cough-shallow,2
OnYf35hpRnNpCxV6vTU9n2ETMiD2_cough-shallow,1
N49IPlluNddotKfNlRNVJJ2Ad6E3_cough-shallow,2
5w8ZIMTjkXOMI78Q3sccWcvMKiI2_cough-shallow,2
vX3NZt9tyQUhXgS4dlz55VGEMdU2_cough-shallow,2
XwiK6FSjg5b5RuQQFYmz67zSpYC3_cough-shallow,2
qSDQMZj4iqhaRUz1SvwiUqyUzKH3_cough-shallow,2
Id2BHKfccpS2K8eOtrXRKjBAsds1_cough-shallow,2
2Kc88N5ZQKXucjghAP4Jzq0Dnej2_cough-shallow,2
rlklHwPKGycGalH7q9XMRnUqXxd2_cough-shallow,2
RV4V6j3c5cbSb2B4pY9vlF6kbeE2_cough-shallow,2
Afi7SdxjNOetySybYTZ7RPxwFiW2_cough-shallow,2
Sy1VK1UgX0ZMcMJitgPal1sp8jj2_cough-shallow,2
LW6U5C8CENR1PsmldatYGdCBcYg1_cough-shallow,2
0zAgZhOXaGhmL1SnhkzJOIoowKg2_cough-shallow,2
bTiu7RJ0JkPVSja5Sr5YSHBulQ43_cough-shallow,2
4drDZUlQcteX5StlFT2CXEL0N0L2_cough-shallow,2
